FungusName_Strain,Ambrosia,Family,AA1,AA1_2,AA1_3,AA1_3+AA3_2,AA1+AA1,AA1+CE1,AA1+GH76,AA11,AA11+GH11,AA11+GT90,AA12,AA13,AA13+CBM20,AA14,AA14+AA14,AA16,AA2,AA2+AA2,AA2+AA9,AA3,AA3_1,AA3_1+AA3_1,AA3_2,AA3_2+AA3_2,AA3_2+GH17,AA3_3,AA3_3+AA3_3,AA3_3+GH3,AA3_4,AA3_4+AA3_4,AA4,AA4+AA4,AA5,AA5_1,AA5_2,AA5_2+CE12,AA5+AA5,AA6,AA7,AA7+AA7,AA7+GH16_10,AA7+GT22,AA8,AA8+AA12,AA8+AA3_1,AA8+GT2,AA8+GT2+AA2,AA9,AA9+AA9,AA9+CBM63,AA9+GH5_5,AA9+GH78,CBM1,CBM1+CE1,CBM13,CBM18,CBM18+CBM18,CBM18+CBM18+CBM18,CBM18+GH18,CBM20,CBM21,CBM24,CBM32,CBM35+GH26,CBM38+GH32,CBM48,CBM50,CBM50+CBM18,CBM50+CBM18+GH18,CBM50+CBM24,CBM50+CBM50,CBM50+CBM50+CBM50,CBM50+CBM50+CBM50+CBM50,CBM50+GH18,CBM50+GH18+GH18+CBM24,CBM50+GT8,CBM52,CBM6,CBM63,CBM66,CBM66+CBM66,CBM67,CBM67+GH78,CBM67+GH78+GH106,CBM67+GH78+GH43_24,CBM67+GH78+GH78,CBM87+CE18,CBM91,CBM96,CE1,CE1+CE15,CE1+GH7,CE12,CE12+GH28,CE15,CE16,CE16+CE16,CE16+GH2,CE17,CE2,CE3,CE3+CBM24,CE4,CE4+GT2,CE4+PL4_5,CE5,CE5+CBM24,CE5+CE5,CE5+GH92,CE8,CE8+AA3,CE8+CE8,CE8+CE8+CE8,CE8+CE8+CE8+CE8,CE8+CE8+CE8+CE8+CE8,CE8+GH28,CE8+PL1,CE9,CE9+CE9,CE9+GH3,GH1,GH1+CBM67+GH78,GH1+GH1,GH10,GH10+AA9,GH10+CBM1,GH10+GH10,GH105,GH105+GH105,GH106,GH109,GH11,GH114,GH115,GH115+CBM96,GH115+GH115,GH115+GH7,GH12,GH12+GH12,GH12+GT2,GH12+GT2+GH26,GH12+PL1_7,GH125,GH125+GH125,GH125+GH92,GH127,GH127+GH127,GH128,GH128+GH128,GH128+GT2,GH128+GT2+GH3,GH13,GH13_1,GH13_1+CBM20,GH13_22,GH13_22+GH13_22,GH13_22+GT5,GH13_23,GH13_25,GH13_29,GH13_31,GH13_31+GH13_40,GH13_32,GH13_32+GH13_32,GH13_40,GH13_40+GH13_40,GH13_5,GH13_8,GH130_3,GH131,GH131+GH131,GH132,GH133,GH134,GH135,GH136,GH139,GH140,GH141,GH142,GH142+CBM13,GH146,GH15,GH15+CBM20,GH15+GH15,GH15+GH15+CBM20,GH152,GH152+GH152,GH154,GH154+GH136,GH154+GH88,GH16,GH16_1,GH16_1+GH16_1,GH16_10,GH16_10+GH16_10,GH16_18,GH16_19,GH16_2,GH16_22,GH16_22+CE5,GH16_22+GH16_22,GH16_23,GH16_23+GH64,GH16_3,GH16_4,GH16_4+AA5,GH16_4+GH128,GH16_4+GH128+GT2+GH3,GH16_4+GH16_4,GH16_4+GT2,GH162,GH162+GH162,GH17,GH17+GH17,GH171,GH172,GH177,GH179,GH18,GH18+AA7,GH18+CBM24,GH18+CBM50,GH18+GH16_18,GH18+GH16_22,GH18+GH18,GH18+GH3,GH18+GH5_7,GH18+GH71,GH18+GT1,GH184,GH2,GH2+GH2,GH20,GH23,GH24,GH25,GH26,GH27,GH27+CE1,GH27+GH27,GH28,GH28+GH28,GH28+GH88,GH28+PL3_2,GH29,GH3,GH3+GH105,GH3+GH2,GH3+GH3,GH3+GT2,GH30,GH30_3,GH30_5,GH30_7,GH30_7+AA9,GH31,GH31_1,GH31_15,GH31_2,GH31_2+GH31_2,GH31_3,GH31_4,GH31_5,GH31_5+GH31_4,GH31_8,GH32,GH32+AA3_2,GH32+CBM38,GH33,GH35,GH35+CBM67,GH35+GH12,GH36,GH36+GH36,GH37,GH37+GH37,GH38,GH39,GH43,GH43_1,GH43_11+CBM91,GH43_11+CBM91+AA7,GH43_12,GH43_13,GH43_13+CBM91,GH43_14,GH43_14+CBM91,GH43_2,GH43_21,GH43_22,GH43_22+GH43_34,GH43_24,GH43_24+CBM35,GH43_24+GH43_24,GH43_25,GH43_26,GH43_26+CBM42,GH43_29,GH43_29+CBM6,GH43_30,GH43_33,GH43_34,GH43_34+CBM66,GH43_35,GH43_36,GH43_36+CBM91,GH43_37,GH43_5,GH43_5+GH43_5,GH43_6,GH43_6+GH43_5,GH43_6+GH43_6,GH44,GH45,GH45_1,GH45_2,GH45+GH45,GH47,GH47+GH43_22,GH47+GH47,GH47+GT34,GH49,GH5_11,GH5_11+GH5_11,GH5_12,GH5_12+GH47,GH5_12+GH5_12,GH5_15,GH5_15+GH76,GH5_16,GH5_22,GH5_23,GH5_24,GH5_24+GH5_24,GH5_27,GH5_31,GH5_4,GH5_4+GH30_7,GH5_41,GH5_49,GH5_5,GH5_5+CBM1,GH5_5+GH10,GH5_5+GH5_5,GH5_50,GH5_7,GH5_7+CE3,GH5_9,GH5+GH5,GH51,GH51_1,GH51_1+GT71,GH51_2,GH51_2+GH51_2,GH53,GH53+GH53,GH54,GH54+CBM42,GH55,GH55_2,GH55_2+GH55_2,GH6,GH62,GH63,GH64,GH65,GH67,GH67+GH67,GH7,GH7+GH7,GH7+GT2,GH71,GH71+CBM24,GH71+CBM24+CBM24,GH71+GH5_16,GH71+GH71,GH71+PL4_1,GH72,GH72+CBM43,GH74,GH74+GH74+GH74,GH75,GH76,GH76+GH45_2,GH76+GH76,GH78,GH78+AA5_2,GH78+GH28,GH78+GH3,GH78+GH78,GH79,GH79+CBM67+GH78,GH79+GH51_1,GH79+GH7+GH7,GH79+GH79,GH81,GH85,GH85+GH85,GH88,GH88+AA9,GH88+GH88,GH89,GH89+GH89,GH9,GH92,GH93,GH93+CBM66,GH94,GH94+GH94,GH95,GT1,GT1+GT1,GT109,GT15,GT15+GT15,GT17,GT2,GT2+AA2,GT2+CE4,GT2+GT2,GT2+GT31,GT20,GT20+AA2,GT21,GT21+CE12,GT22,GT22+GT22,GT24,GT25,GT28,GT3,GT31,GT32,GT33,GT34,GT35,GT39,GT39+GT39,GT4,GT41,GT41+GT41,GT48,GT49,GT5,GT50,GT55,GT55+GT55,GT57,GT57+GT57,GT58,GT59,GT61,GT62,GT64,GT66,GT66+CE8,GT66+GT66,GT69,GT69+GT69,GT71,GT76,GT76+GT76,GT8,GT8+GT8,GT90,GT91,GT92,PL1_10,PL1_2,PL1_4,PL1_4+PL1_4,PL1_7,PL1_7+GH43_22+GH35,PL1_9,PL11_2,PL14,PL14_4,PL14_5,PL20,PL26,PL26+PL26,PL27,PL29,PL3_2,PL35,PL38,PL4_1,PL4_3,PL4_3+PL4_3,PL4_5,PL42,PL7_4,PL7_4+PL7_4,PL8_4,PL9_3
Leptographium_procerum_2021_000005,N,Ophiostomataceae,9,4,4,0,0,0,0,2,0,0,1,0,0,0,0,2,10,0,0,2,1,0,5,0,0,2,0,0,0,0,3,0,0,0,0,0,0,2,13,0,0,0,2,0,0,0,0,4,0,0,0,0,0,0,0,0,0,0,0,0,2,0,0,0,0,0,2,0,0,0,0,0,0,0,0,0,0,0,2,0,0,0,3,0,0,1,0,0,0,1,0,0,4,0,0,0,0,0,0,0,2,0,4,0,0,4,0,0,0,2,0,0,0,2,0,0,0,1,0,0,2,0,0,0,0,0,0,4,0,6,0,2,0,0,0,0,0,10,0,0,0,0,6,1,0,0,0,6,0,0,0,0,0,2,0,0,0,0,2,0,0,0,0,0,2,0,0,2,0,4,0,6,0,0,4,0,0,0,0,0,0,0,1,1,0,0,0,0,0,0,0,0,4,0,0,0,5,0,0,0,0,0,0,1,4,2,0,0,0,0,0,0,0,8,0,2,0,0,0,30,0,0,0,0,0,0,0,0,0,0,0,3,0,2,0,0,0,0,0,0,0,12,0,0,0,2,19,0,0,1,0,0,0,0,0,0,0,2,0,0,2,0,0,0,0,0,0,0,0,0,1,0,0,1,0,3,0,2,0,0,0,0,0,0,0,0,0,0,0,0,0,0,0,0,0,0,2,0,0,0,0,0,0,0,0,0,0,0,0,0,1,0,0,0,0,0,1,0,10,0,0,0,0,2,0,1,0,0,4,0,0,0,2,2,0,0,0,0,0,0,0,6,0,0,0,0,0,0,4,0,0,1,0,0,0,2,0,0,0,0,2,0,0,0,1,4,0,0,0,10,0,0,0,0,0,0,0,0,18,0,0,0,0,24,0,0,14,0,0,0,0,0,0,0,0,0,2,0,0,0,0,0,0,0,0,8,0,0,0,0,0,5,0,0,4,0,0,21,0,0,4,0,4,0,2,0,5,1,2,0,0,2,0,4,1,5,1,4,0,9,2,0,1,0,0,2,0,0,2,1,1,2,0,4,0,1,0,0,5,0,4,1,0,3,0,6,0,0,0,0,1,0,2,0,0,0,0,0,0,0,2,0,0,0,1,0,0,0,0,0,0,2,0,0,0,0
Leptographium_clavigerum_kw1407,N,Ophiostomataceae,6,5,6,0,0,0,0,2,0,0,1,0,0,0,0,2,10,0,0,0,4,0,9,0,0,2,0,0,0,0,4,0,0,0,0,0,0,2,22,0,0,0,0,0,0,0,0,4,0,0,0,0,0,0,0,0,0,0,0,0,2,0,0,0,0,0,1,0,0,0,0,0,0,0,0,0,0,0,2,0,0,0,2,0,0,0,0,0,0,1,0,0,2,0,0,0,0,0,0,0,2,0,4,0,0,4,0,0,0,2,0,0,0,0,0,0,0,1,0,0,1,0,0,0,0,0,0,2,0,4,0,2,0,0,0,0,0,12,0,2,0,0,6,1,0,1,0,6,0,0,0,0,1,1,0,0,0,0,2,0,0,0,0,0,3,0,0,2,0,2,0,4,0,0,4,0,0,0,0,0,0,0,1,2,0,0,0,0,0,0,0,0,2,2,0,0,5,0,0,0,0,0,0,0,5,2,0,0,0,0,0,0,0,8,0,2,0,0,0,32,0,0,0,0,0,0,0,0,0,0,0,4,0,6,0,0,0,0,0,0,0,14,0,0,0,2,22,0,0,0,0,0,1,0,0,0,0,2,0,0,0,0,0,0,0,0,0,0,0,0,2,0,0,1,0,2,1,1,2,0,0,1,0,0,0,0,0,0,0,0,0,0,0,0,2,0,2,0,0,0,0,1,0,0,0,0,0,0,0,0,3,0,1,0,0,0,1,0,8,0,0,0,0,1,0,1,0,0,2,0,0,0,1,1,1,0,0,0,0,0,0,6,0,0,0,0,0,0,4,0,0,1,0,2,0,2,0,0,0,2,3,0,0,0,3,6,0,0,0,10,0,0,0,0,0,0,0,0,10,0,0,0,0,20,0,0,6,0,0,0,0,1,0,0,0,0,4,0,0,0,0,0,0,0,0,6,0,0,0,0,0,7,0,0,4,0,0,19,2,0,3,0,3,0,2,0,5,0,1,0,0,1,0,3,2,4,1,5,0,9,1,1,2,0,0,1,0,0,2,2,1,1,0,5,0,1,0,0,8,0,6,2,0,3,0,7,0,0,0,0,2,0,2,0,0,0,0,0,0,0,2,0,0,0,1,0,0,0,0,0,2,0,0,0,0,0
Esteya_vermicola_CBS115803,N,Ophiostomataceae,11,5,8,0,0,0,0,3,0,0,3,0,0,0,0,6,18,0,0,2,3,0,6,1,0,4,0,0,0,0,3,0,0,0,0,0,0,2,16,1,0,0,7,0,2,1,0,32,0,0,0,0,0,0,0,0,0,0,0,0,2,0,0,0,0,0,2,0,0,0,0,0,0,0,0,0,0,0,0,1,0,0,5,0,0,0,0,0,0,6,0,1,8,0,6,5,0,0,0,0,2,0,10,0,0,8,0,0,0,0,0,0,0,0,0,0,0,1,0,0,2,0,0,2,0,0,0,4,0,0,0,8,0,12,0,0,1,12,0,0,0,0,10,0,1,0,0,4,0,0,0,0,0,0,0,0,0,0,1,0,0,0,0,0,3,0,0,1,0,6,0,6,0,0,1,0,0,0,0,0,0,0,1,2,0,0,0,0,2,0,2,0,8,0,0,0,5,2,0,4,0,0,1,0,5,2,0,0,0,0,0,0,0,6,0,0,0,0,0,38,0,0,0,0,0,0,0,0,0,0,0,13,0,6,0,0,0,4,2,0,0,8,0,2,0,2,17,0,1,0,0,0,0,0,8,0,0,2,1,1,0,0,2,0,0,0,2,0,0,0,4,0,0,6,0,2,0,2,2,0,2,1,0,0,0,0,0,1,0,0,0,0,5,0,0,0,0,0,0,0,0,0,0,0,0,0,0,0,0,0,2,0,0,0,0,5,2,0,9,0,0,0,0,1,0,1,0,0,0,0,2,2,0,0,1,0,4,2,0,1,0,10,0,0,0,0,2,0,4,0,0,1,1,0,0,0,0,0,2,0,6,0,4,0,1,4,0,0,0,92,1,1,2,0,1,0,0,0,16,0,0,0,0,26,0,0,6,0,0,0,1,8,0,0,1,0,0,0,0,0,0,0,1,0,0,12,0,0,2,0,2,12,0,0,4,0,1,18,0,0,2,0,3,0,1,0,5,0,1,1,0,2,2,3,1,3,1,6,0,4,2,0,0,0,0,1,0,0,1,2,1,1,2,4,0,2,0,0,9,0,3,2,0,3,0,9,0,0,0,0,0,0,2,0,0,0,0,0,0,0,2,0,0,0,0,0,0,1,0,0,0,0,0,0,0,0
Grosmannia_penicillata_CBS_116008,N,Ophiostomataceae,2,4,7,0,0,0,0,3,0,0,1,0,0,0,0,2,12,0,0,0,3,0,7,0,0,2,0,0,0,0,2,0,0,0,0,0,0,1,8,0,0,0,1,0,0,0,0,8,0,0,0,0,0,0,0,0,0,0,0,0,2,0,0,0,0,0,2,0,0,0,0,0,0,0,0,0,0,0,2,0,0,0,1,0,0,0,0,0,0,0,0,0,0,0,0,0,0,0,0,0,0,0,3,0,0,0,0,0,0,6,0,0,0,0,2,0,0,2,0,0,1,0,0,0,0,0,0,2,0,0,0,2,0,2,0,0,0,6,0,0,0,1,4,0,0,2,0,6,0,0,0,2,0,0,0,0,0,0,2,0,0,0,0,0,4,0,0,2,0,2,0,6,0,0,0,0,0,0,0,0,0,0,2,1,0,0,0,0,2,0,0,0,4,0,0,0,6,0,0,0,0,0,2,0,3,1,0,0,0,0,0,0,0,14,0,2,0,0,0,30,0,0,0,0,0,0,0,0,0,0,0,2,0,8,0,0,0,0,0,0,0,16,0,0,0,2,15,0,0,0,0,0,0,0,0,0,0,2,0,0,0,2,0,0,0,0,1,0,0,0,2,0,0,1,0,2,0,1,2,0,1,1,0,0,0,0,0,0,0,0,0,0,1,0,0,0,2,0,0,0,0,0,0,0,0,0,0,0,0,0,1,0,0,0,0,0,0,0,10,0,0,0,0,0,0,1,0,0,0,0,2,0,2,1,0,0,4,0,0,0,0,2,0,0,0,0,0,0,4,0,0,1,0,0,0,0,0,0,0,0,3,0,0,0,1,6,0,0,0,4,0,0,0,0,0,0,0,0,10,0,0,0,0,22,0,0,14,0,0,0,0,0,0,0,0,0,2,0,0,4,0,0,0,0,0,2,0,0,0,0,0,6,0,0,4,0,1,18,0,0,1,0,4,1,0,2,6,0,1,0,0,1,0,4,1,5,1,4,0,8,2,0,2,0,0,1,0,0,2,2,2,1,2,5,0,2,0,0,1,0,5,2,0,3,0,3,0,0,0,0,1,0,1,0,0,0,0,0,0,0,2,0,0,0,0,0,0,0,0,0,0,0,0,0,0,0
Ophiostoma_ulmi_785401,N,Ophiostomataceae,1,3,5,0,1,0,0,5,0,0,0,0,1,0,0,2,14,0,0,0,3,0,4,0,0,2,0,0,0,0,6,0,0,0,0,0,0,2,8,0,0,0,5,0,0,1,0,26,0,0,0,0,0,0,0,0,0,0,0,0,1,0,0,0,1,0,4,0,0,0,0,0,0,0,0,0,0,0,0,0,0,0,4,0,0,0,0,0,0,3,0,0,4,0,2,3,0,0,0,0,2,0,4,0,0,2,0,0,0,0,0,0,0,0,2,0,0,1,0,0,1,0,0,2,0,0,0,2,0,0,0,2,0,2,0,0,0,4,0,0,0,0,10,0,0,0,0,4,0,1,1,1,0,1,0,0,0,0,2,0,0,0,0,0,2,0,0,1,0,4,0,4,0,0,0,0,0,0,0,0,0,0,1,1,0,0,0,0,1,0,2,0,3,0,0,0,3,2,0,4,0,0,2,0,3,3,0,0,0,0,0,0,0,8,0,0,0,0,0,30,0,0,0,0,0,0,0,0,0,0,0,3,0,4,0,0,0,0,1,0,0,10,0,0,0,1,21,0,0,0,0,0,0,0,0,0,0,2,0,1,0,1,0,0,0,0,1,0,0,0,3,0,0,1,0,3,0,1,0,0,1,1,0,0,0,0,0,2,0,1,0,0,1,0,0,0,1,0,0,0,0,0,0,0,0,0,0,0,0,0,2,0,0,0,4,1,0,0,9,0,0,0,0,2,0,1,0,0,4,0,1,0,0,1,0,0,0,2,0,2,0,8,0,0,0,0,4,0,2,0,0,1,0,2,0,0,0,0,0,0,4,0,2,0,1,6,0,0,0,4,0,0,0,0,0,0,0,0,8,0,0,0,0,18,0,0,4,0,0,0,0,0,0,0,0,0,4,0,0,0,0,0,0,0,0,6,0,0,1,0,0,6,0,0,3,0,1,16,0,0,3,0,3,0,2,0,5,0,1,0,0,1,0,3,1,4,1,4,0,6,2,0,1,0,0,2,0,0,2,1,1,1,1,3,0,2,0,0,5,0,1,2,0,3,0,5,0,0,0,0,1,0,0,0,1,0,0,0,0,0,4,0,0,0,0,0,0,0,0,0,0,0,0,0,0,0
Ophiostoma_novoulmi_H327,N,Ophiostomataceae,1,3,5,0,1,0,0,4,0,0,0,0,2,0,0,2,16,0,0,1,2,0,5,0,0,2,0,0,0,0,6,0,0,0,0,0,0,2,8,0,0,0,4,0,0,0,1,20,0,0,0,0,0,0,0,0,0,0,0,0,1,0,0,0,1,0,1,0,0,0,0,0,0,0,0,0,0,0,0,0,0,0,3,0,0,0,0,0,0,3,0,0,4,0,2,3,0,0,0,0,0,0,5,0,0,2,0,0,0,0,0,0,0,0,2,0,0,1,0,0,1,0,0,2,0,0,0,2,0,0,0,2,0,4,0,0,0,4,0,0,0,0,8,0,0,0,0,4,0,0,1,1,0,1,0,0,0,0,2,0,0,0,0,0,1,0,0,2,0,4,0,4,0,0,0,0,0,0,0,0,0,0,1,1,0,0,0,0,2,0,1,0,3,0,0,0,3,1,0,3,0,0,2,0,3,2,0,0,1,0,0,0,0,8,0,0,0,0,0,34,0,0,0,0,1,0,0,0,0,0,0,4,0,4,0,0,0,0,2,0,0,10,0,0,0,2,20,0,0,0,0,0,0,0,0,0,2,2,0,1,0,0,0,0,0,0,1,0,0,0,3,0,0,1,0,3,0,1,0,0,1,1,0,0,0,0,0,1,0,1,0,0,1,0,0,0,1,0,0,0,0,0,0,0,0,0,0,0,0,0,2,0,0,0,4,0,0,0,9,0,0,0,0,1,0,1,0,0,4,0,1,0,0,1,0,0,0,2,0,0,0,6,0,0,0,0,4,0,2,0,0,1,0,1,0,0,0,0,0,0,4,0,2,0,1,6,0,0,0,4,0,0,0,0,0,0,0,0,10,0,0,0,0,18,0,0,6,0,0,0,0,0,0,0,0,0,4,0,0,2,0,0,0,0,0,6,0,0,1,0,0,6,0,0,3,0,1,15,0,0,3,0,3,0,2,0,5,0,1,0,0,1,0,3,1,4,1,4,0,6,2,0,1,0,0,2,0,0,2,1,1,1,2,3,0,1,0,0,4,0,1,2,0,3,0,4,0,0,0,0,2,0,0,0,1,0,0,0,0,0,4,0,0,0,0,0,0,0,0,0,0,0,0,0,0,0
Ophiostoma_piceae_UAMH_11346,N,Ophiostomataceae,2,3,5,0,1,0,0,3,0,0,1,0,2,0,0,4,20,0,0,0,1,0,2,0,0,2,0,0,0,0,4,0,0,0,0,0,0,2,8,0,0,0,3,0,1,0,0,16,0,0,0,0,0,0,0,0,0,0,0,0,2,0,0,0,0,0,2,0,0,0,0,0,0,0,0,0,0,0,0,0,0,0,3,0,0,0,0,0,0,2,0,0,4,0,0,4,0,0,0,0,1,0,4,0,0,2,0,0,0,0,0,0,0,0,2,0,0,1,0,0,1,0,0,2,0,0,0,2,0,4,0,2,0,2,0,0,0,4,0,0,0,0,6,0,0,0,0,4,0,2,0,1,0,1,0,0,0,0,2,0,0,0,0,0,1,0,0,2,0,4,0,4,0,0,0,0,0,0,0,0,0,0,1,1,0,0,0,0,2,0,0,0,5,0,0,0,4,1,0,0,0,0,2,0,4,3,0,0,0,0,0,0,0,8,0,0,0,0,0,34,0,0,0,0,0,0,0,0,0,0,0,3,0,6,0,0,0,0,1,0,0,8,0,0,0,2,21,0,0,0,0,0,0,0,0,0,0,3,0,1,0,0,0,0,0,0,1,0,0,0,3,0,0,1,0,2,0,1,0,0,1,1,0,0,0,0,0,0,0,1,0,0,1,0,0,0,1,0,0,0,0,0,0,0,0,0,0,0,0,0,2,0,0,0,2,0,0,0,8,0,0,0,0,1,0,1,0,0,4,0,1,0,1,2,0,0,0,2,0,1,0,6,0,0,0,0,2,0,4,0,0,1,0,1,0,0,0,0,0,0,7,0,2,2,1,6,0,0,0,6,0,0,0,0,0,0,0,0,12,0,0,0,0,20,0,0,12,0,0,0,0,0,0,0,0,0,6,0,0,4,0,0,0,0,0,10,0,0,1,0,0,8,0,0,4,0,1,15,0,0,3,0,3,0,1,0,4,0,1,0,0,1,0,4,2,4,1,4,0,5,2,0,2,0,0,2,0,0,1,1,1,1,3,6,0,2,0,0,3,0,2,2,0,2,0,5,0,0,0,0,1,0,0,0,1,0,0,0,0,0,4,0,0,0,1,0,0,0,0,0,0,0,0,0,0,0
Sporothrix_schenckii_CBS_35936,N,Ophiostomataceae,3,4,6,0,1,0,0,4,1,0,2,0,0,0,0,6,14,0,0,2,2,0,6,0,0,0,0,0,0,0,7,0,0,0,0,0,0,1,17,0,0,0,9,0,1,0,0,42,0,0,0,0,0,0,0,0,0,0,0,0,2,0,0,0,1,0,1,0,0,0,0,0,0,0,0,0,0,0,0,0,0,0,2,1,0,0,0,0,0,8,0,0,4,0,4,3,0,0,0,0,2,0,6,0,0,8,0,0,0,2,0,0,0,0,0,2,0,1,0,0,1,2,0,4,0,0,0,2,0,4,1,8,0,2,0,0,0,6,0,0,0,0,10,1,0,1,0,2,0,0,0,0,0,1,0,0,0,0,2,0,0,0,0,0,3,0,0,2,1,6,0,6,0,0,1,0,0,0,0,0,0,0,2,3,0,0,0,0,3,0,0,0,6,0,1,0,7,1,0,3,1,0,2,0,3,1,0,0,0,0,0,0,0,10,0,0,1,0,0,50,0,0,0,0,0,0,0,0,0,0,0,7,0,4,0,0,0,0,0,0,0,14,0,0,0,0,19,0,0,0,0,0,0,0,10,0,0,2,0,1,0,2,2,0,0,0,1,0,0,0,2,0,0,1,0,2,0,1,0,0,1,1,0,0,0,0,1,0,0,1,0,0,2,0,0,0,0,0,0,0,0,0,0,0,0,0,0,0,0,0,1,0,0,0,4,6,0,0,10,0,0,0,1,2,0,1,0,0,2,0,1,0,0,1,0,0,0,2,0,0,0,12,0,0,0,0,6,0,4,0,0,1,0,0,0,4,0,0,0,4,7,1,4,0,3,4,0,2,0,18,0,0,0,0,0,0,0,0,8,0,0,0,0,22,0,0,8,0,0,0,0,5,0,0,0,0,4,0,0,4,0,0,0,0,0,6,2,1,1,0,2,6,0,0,4,0,2,13,2,0,3,0,4,0,2,0,5,0,1,2,0,1,1,6,1,6,2,4,0,5,1,0,2,0,0,1,0,0,2,1,1,1,3,4,0,2,0,0,5,0,1,1,0,3,0,9,0,0,0,0,0,0,0,0,0,0,0,0,0,0,0,0,0,0,0,0,1,0,0,0,0,0,0,0,0,0
Hawksworthiomyces_lignivorus_CBS_119148,N,Ophiostomataceae,9,7,7,0,0,0,0,3,1,0,5,0,1,0,0,4,22,0,0,2,1,0,17,0,0,4,0,0,0,0,11,0,0,0,0,0,0,1,24,0,0,0,13,2,0,0,0,52,0,0,1,0,0,0,0,0,0,0,2,0,2,0,0,0,0,0,0,0,2,0,0,1,0,0,0,0,2,0,0,0,0,4,7,0,0,0,0,0,2,11,1,0,4,0,8,4,0,0,0,0,2,0,14,0,0,16,0,0,0,4,0,0,0,0,0,0,0,2,0,0,3,0,1,4,0,0,0,4,0,8,1,8,0,12,0,0,0,4,0,0,0,0,14,0,0,0,0,2,0,0,0,0,1,0,0,0,0,0,2,0,0,0,0,0,7,0,0,2,0,8,0,4,0,0,0,0,0,0,2,0,0,0,1,2,0,0,0,0,3,0,0,0,8,0,2,0,4,2,0,3,0,0,1,1,3,2,0,0,0,0,0,0,0,8,0,0,2,0,0,48,0,0,0,0,0,0,0,0,0,0,0,10,1,4,0,0,0,0,2,0,0,22,0,0,0,2,26,0,0,1,0,1,0,0,14,0,1,3,0,3,0,0,0,0,0,0,4,0,0,1,3,0,0,2,0,2,0,2,0,0,1,1,0,0,0,0,2,1,0,2,0,0,1,0,0,0,0,0,0,0,0,0,0,0,0,1,0,0,0,0,1,0,0,0,4,3,0,0,10,0,0,0,0,1,0,1,0,0,4,0,2,0,0,2,0,0,0,0,0,2,0,8,0,0,0,0,8,0,6,0,0,4,0,0,0,0,1,0,1,0,13,0,4,0,1,4,0,4,0,10,0,0,0,0,0,0,0,0,12,0,0,0,0,26,0,1,18,0,0,0,0,8,0,1,0,0,4,0,0,2,0,0,1,0,0,14,4,1,1,0,0,15,0,0,4,0,1,15,0,0,4,0,3,0,1,0,5,0,2,2,0,1,2,9,1,5,1,4,0,8,1,0,1,0,0,1,0,0,2,2,1,1,7,3,0,2,0,0,5,0,2,2,0,4,0,6,0,0,0,0,0,0,0,0,0,0,0,0,0,0,0,0,0,0,0,0,1,0,0,0,0,0,0,0,0,0
Ceratocystiopsis_brevicomis_CBS_137839,N,Ophiostomataceae,4,3,1,0,1,0,0,2,0,0,0,0,0,0,0,0,14,0,0,0,1,0,2,0,0,0,0,0,0,0,1,1,0,0,0,0,0,2,3,0,0,0,2,0,0,0,0,4,0,0,0,0,0,0,0,0,0,0,0,0,1,0,0,0,0,0,0,0,0,0,0,0,0,0,0,0,0,0,0,0,0,0,0,0,0,0,0,0,0,2,0,0,2,0,0,0,0,0,0,0,0,0,3,0,0,0,0,0,0,6,0,0,0,0,0,0,0,1,0,2,1,0,0,0,0,0,0,0,0,0,0,0,0,0,0,0,0,2,0,0,0,0,12,0,0,0,0,6,0,0,0,0,0,1,0,0,0,0,2,0,0,0,0,0,3,0,0,2,0,0,0,6,0,0,0,2,0,0,0,0,0,0,1,2,0,0,0,0,0,0,0,0,2,0,0,0,5,2,0,2,0,0,0,0,4,1,0,0,0,0,1,0,0,10,0,0,0,0,0,16,0,0,0,0,0,0,0,0,0,0,0,4,0,6,0,0,0,0,0,0,0,18,0,0,0,0,12,0,0,0,0,0,0,0,0,0,0,3,0,0,0,0,0,0,0,0,1,0,0,0,0,0,0,1,0,2,0,1,0,0,1,1,0,0,0,0,0,0,0,0,0,0,0,0,0,0,0,0,0,0,0,0,0,0,0,0,0,0,0,0,0,0,0,0,0,0,1,0,9,0,0,0,0,0,0,2,0,0,4,0,0,0,2,0,0,0,0,0,0,0,0,0,0,0,0,0,0,0,2,0,0,0,0,0,0,0,0,0,0,0,2,0,0,0,4,8,0,0,0,0,0,0,0,0,0,0,0,0,14,0,0,0,0,24,0,0,4,0,0,0,0,0,0,0,0,0,4,0,0,0,0,0,0,0,0,0,0,0,0,0,0,5,0,0,3,0,0,13,0,0,3,0,5,0,1,0,6,0,2,0,0,2,0,5,2,5,2,4,0,5,2,0,2,0,0,1,0,0,2,2,1,1,4,5,0,1,0,1,4,0,2,2,0,3,0,3,0,0,0,0,0,0,0,0,0,0,0,0,0,0,0,0,0,0,0,0,0,2,0,0,0,0,0,0,0,0
Fragosphaeria_purpurea_CBS_133_34,N,Ophiostomataceae,4,3,6,0,0,0,0,3,0,0,3,0,0,0,0,4,16,0,0,2,1,0,10,0,0,1,0,1,0,0,5,1,0,0,0,0,0,1,12,0,0,0,11,0,0,0,0,38,0,0,1,0,0,0,0,0,0,0,0,0,1,0,0,0,0,0,1,0,2,0,0,0,0,0,0,0,0,0,0,0,0,0,3,0,0,0,0,0,2,5,0,0,4,0,8,2,0,0,0,1,6,0,13,0,0,4,0,0,0,0,0,0,0,0,0,0,0,5,0,0,1,0,0,6,0,0,0,0,0,2,1,6,0,8,0,0,0,4,0,0,0,0,12,1,0,0,0,6,0,0,0,0,2,0,0,0,0,0,1,0,0,0,0,0,2,0,0,2,0,6,0,4,0,0,0,0,0,0,1,0,0,0,1,1,0,0,0,0,2,0,0,0,7,0,1,0,4,1,0,2,0,1,2,0,3,1,0,0,0,0,0,0,0,8,0,0,0,0,0,40,0,0,0,0,0,0,0,0,0,0,0,8,0,8,0,0,0,0,0,0,0,14,0,0,0,1,20,0,0,0,0,0,0,0,8,0,1,2,0,0,0,0,2,0,0,0,0,0,0,0,3,0,0,1,0,2,0,1,0,0,1,1,0,0,0,0,0,2,0,1,0,0,1,0,0,0,0,0,0,0,0,0,0,0,0,0,0,0,0,0,0,0,0,0,4,2,0,0,8,0,0,0,0,0,2,1,0,0,0,0,2,0,0,1,0,0,0,0,2,1,0,6,0,0,0,0,6,0,6,0,0,0,0,0,0,0,1,0,0,0,11,0,4,2,2,4,0,2,0,16,0,0,0,0,0,0,0,0,8,0,0,0,0,22,0,0,8,0,0,0,0,3,0,0,0,0,4,0,0,6,0,0,0,0,0,12,2,0,1,0,0,7,0,1,2,0,3,17,0,0,2,0,5,0,2,0,4,0,2,1,0,2,2,6,1,5,2,3,0,5,0,2,1,0,0,1,0,0,2,0,2,2,1,4,0,1,0,0,4,0,2,1,0,3,0,6,0,0,0,0,0,0,0,0,0,0,0,0,0,0,0,0,0,0,0,0,1,0,0,0,0,0,1,0,0,0
Graphilbum_fragrans_CBS_138720,N,Ophiostomataceae,6,6,8,0,0,0,0,5,0,0,6,0,1,0,0,8,14,0,0,2,2,0,8,0,0,2,0,0,0,0,2,0,0,0,0,0,0,2,24,0,0,0,9,0,2,0,0,38,0,0,0,0,0,0,0,0,0,0,0,0,2,0,0,0,2,0,2,0,0,0,0,0,0,0,0,0,0,0,0,1,0,0,5,0,0,0,0,0,0,7,0,0,4,0,10,3,0,0,0,0,7,0,5,0,0,2,0,0,0,2,0,0,0,0,0,0,0,3,0,0,2,0,0,2,0,0,0,2,0,4,0,6,1,2,0,0,0,4,0,0,0,0,14,0,0,2,0,6,0,0,0,1,0,0,0,0,0,0,1,0,0,0,0,0,4,0,0,2,0,6,0,4,0,0,0,0,0,0,0,0,0,0,1,1,0,0,0,0,3,0,0,0,7,0,2,0,6,2,0,2,1,0,2,0,4,1,0,0,0,0,0,0,0,8,0,0,0,0,0,42,0,0,0,0,0,0,0,0,0,0,0,13,0,4,0,0,0,0,2,0,0,28,0,0,0,1,31,0,0,0,0,0,0,0,8,0,0,3,0,1,0,0,2,0,0,0,3,0,0,0,5,0,0,4,0,3,0,2,3,0,1,1,0,0,0,0,0,2,0,0,0,0,1,0,0,0,0,0,0,0,2,2,0,0,0,0,0,0,0,0,0,0,0,0,4,2,0,0,10,0,0,0,0,1,0,1,0,0,4,0,2,4,0,1,0,0,4,4,0,1,0,12,0,0,0,0,6,1,2,0,0,1,0,0,0,4,0,0,1,0,9,0,2,2,1,4,0,2,0,8,0,0,0,0,0,0,0,0,10,0,0,0,0,22,0,0,12,0,0,0,0,3,0,0,0,0,2,0,0,4,0,0,2,0,0,12,2,0,1,0,3,9,0,0,5,0,1,14,0,0,3,0,3,0,2,0,6,0,1,0,0,1,1,4,1,3,1,5,0,5,2,0,1,0,0,1,0,0,2,1,1,2,4,4,0,1,0,0,5,0,3,2,0,4,0,8,0,0,0,0,0,0,0,0,0,0,0,0,0,0,0,0,0,0,0,0,0,0,1,0,2,4,0,0,0,0
Neocosmospora_liriodendri_NRRL_22389,N,Nectriaceae,8,3,6,0,2,0,0,6,0,0,1,0,1,2,0,2,10,0,0,5,3,0,25,0,0,5,0,0,1,0,9,0,1,0,1,0,0,1,60,0,1,0,2,0,3,0,0,24,0,0,0,0,2,0,0,4,0,0,1,0,4,0,0,0,1,1,3,0,0,0,0,1,2,0,0,0,0,0,6,0,0,0,14,0,0,0,1,1,0,2,0,0,4,0,0,7,2,0,0,1,13,0,10,0,0,18,0,0,0,6,0,0,0,0,1,0,1,3,0,0,6,0,0,6,0,0,0,10,0,6,1,8,5,6,0,0,0,14,0,0,0,0,6,0,0,3,0,8,0,0,0,0,2,0,0,0,0,0,1,0,0,0,0,0,7,0,0,1,0,2,0,6,0,2,3,0,0,0,0,0,0,1,2,1,0,0,2,0,5,0,0,0,3,0,1,0,6,1,0,3,0,0,2,0,4,3,0,0,0,0,0,1,0,14,0,0,1,0,1,70,0,0,0,0,0,0,0,0,0,0,0,14,0,6,2,4,0,0,3,0,0,28,0,0,0,0,44,1,0,0,0,0,0,0,0,0,0,3,2,1,0,1,2,0,0,2,7,0,0,1,8,0,0,4,0,2,0,1,2,0,1,1,0,0,0,3,5,5,0,1,1,0,4,0,0,0,3,0,1,0,3,0,1,0,0,1,1,0,1,0,1,0,0,0,2,0,0,0,11,0,0,0,2,0,0,2,0,0,6,0,1,8,0,1,0,0,0,4,0,0,0,8,0,0,0,0,8,0,4,0,0,2,0,3,0,2,0,0,1,0,3,0,2,4,3,4,0,0,0,6,0,0,8,1,1,0,0,0,4,1,4,0,4,20,0,0,8,0,0,0,0,9,0,0,0,0,2,0,0,10,0,0,0,0,0,0,10,0,0,0,5,23,0,2,6,0,1,29,0,0,2,0,3,0,1,0,5,0,2,0,0,1,6,7,1,3,1,3,0,6,1,0,3,0,0,1,0,0,1,1,1,1,0,5,2,1,0,0,6,0,3,1,0,9,0,9,0,0,2,1,7,0,4,0,1,1,0,0,0,1,4,0,0,0,12,0,1,2,3,0,2,2,1,0,0,1
Neocosmospora_metavorans_FSSC_6,N,Nectriaceae,12,2,4,0,0,0,0,7,0,0,1,0,1,2,0,2,8,0,0,8,2,0,30,0,0,5,1,0,2,0,15,0,1,0,1,0,0,2,61,0,0,0,2,0,3,0,0,26,0,0,0,0,2,0,0,2,0,1,0,0,3,0,0,0,1,2,7,0,0,0,2,0,1,0,0,0,0,0,8,0,0,2,12,0,0,0,2,0,1,3,0,0,4,0,0,7,0,0,0,0,12,0,14,0,0,14,0,0,0,4,0,0,0,0,2,0,4,2,0,0,8,0,2,4,0,0,0,12,0,4,1,10,5,12,0,0,0,12,0,0,0,0,4,0,0,4,0,10,0,0,0,0,1,0,0,0,0,0,2,0,0,0,0,0,9,0,0,2,0,2,0,4,0,2,3,0,0,0,0,0,0,1,2,1,0,0,2,0,6,0,0,0,3,0,1,0,7,1,0,4,0,0,2,1,3,4,0,0,0,0,0,2,0,16,0,0,1,0,1,60,0,0,0,0,0,2,0,0,0,0,0,15,0,4,0,6,0,0,2,0,0,28,0,0,0,0,41,0,0,2,0,0,0,0,0,0,0,4,1,2,0,1,2,0,0,2,6,0,0,1,9,0,0,3,0,2,0,2,2,0,1,1,0,0,0,3,2,6,0,1,1,0,4,0,0,0,4,0,1,0,3,0,1,0,0,0,2,0,1,0,1,0,0,0,2,0,0,0,12,0,0,0,1,0,0,2,0,0,6,0,1,14,0,1,0,0,0,0,0,0,0,14,0,0,0,0,8,0,2,0,0,3,0,2,0,2,0,0,1,0,2,0,4,4,1,4,0,0,0,10,0,0,12,1,2,0,0,0,4,1,4,0,6,20,0,0,10,0,0,0,0,5,1,0,0,0,2,0,0,10,0,0,0,0,0,0,12,0,0,0,6,26,0,2,7,0,1,28,0,0,3,0,3,0,1,0,5,0,2,0,0,1,5,7,1,3,1,3,0,6,2,0,2,0,0,1,0,0,2,1,2,1,0,3,2,1,0,0,8,0,6,2,0,7,1,7,0,0,2,1,5,0,5,0,1,2,0,0,0,1,6,0,0,0,12,0,2,3,3,0,1,3,1,0,0,1
Neocosmospora_solani_2021_000008,N,Nectriaceae,8,2,5,0,1,0,0,6,0,0,2,2,0,4,0,2,8,0,0,5,4,0,34,0,0,6,0,0,1,0,14,0,2,0,1,0,0,2,68,0,0,0,1,0,2,0,0,28,0,0,0,0,2,0,0,2,0,1,0,0,3,0,2,0,1,2,8,0,0,0,3,0,1,0,0,0,0,0,8,0,0,2,14,0,1,0,1,0,3,5,0,0,4,0,0,7,0,0,0,1,17,0,13,0,0,14,0,0,0,6,0,0,0,0,2,0,1,3,0,0,7,0,0,6,0,0,0,10,0,4,1,8,5,12,2,0,0,14,0,0,0,0,6,0,0,5,0,8,0,0,0,0,2,0,0,0,0,0,2,0,0,0,0,0,10,0,0,2,0,4,0,4,0,2,2,0,0,0,0,0,0,1,1,1,0,0,1,0,7,0,0,0,4,0,1,0,8,1,0,4,0,0,1,2,4,5,0,0,0,0,0,2,0,14,0,0,1,0,1,64,0,1,0,0,0,0,0,0,0,0,0,21,0,4,0,6,0,0,3,0,0,34,0,0,0,0,50,0,0,0,0,0,0,0,0,0,0,4,2,1,0,2,1,1,1,2,7,0,0,1,8,0,0,5,0,2,0,1,2,0,1,1,0,0,0,3,5,4,0,1,2,0,5,0,0,0,4,0,1,0,4,0,1,0,0,0,2,0,1,0,1,0,0,0,2,0,0,0,11,0,0,0,1,0,0,2,0,0,8,0,1,14,0,1,0,0,0,0,0,0,0,10,0,0,0,0,10,0,2,0,0,3,0,2,0,2,0,0,1,0,3,0,2,4,1,2,0,0,0,6,0,0,8,1,1,0,0,0,4,2,2,1,6,24,0,0,14,0,0,0,0,7,1,0,0,0,2,0,0,10,0,0,0,0,0,0,10,0,0,0,5,27,0,2,6,1,1,27,0,0,2,0,3,0,1,0,6,0,2,0,0,1,5,9,1,4,1,3,0,7,1,0,2,0,0,1,0,0,2,1,3,1,0,5,4,1,0,0,7,0,3,1,0,9,1,7,0,0,2,1,9,0,3,0,1,1,0,0,0,1,4,0,0,0,13,0,2,2,3,0,1,2,1,0,0,1
Neocosmospora_solani_FSSC5,N,Nectriaceae,9,3,7,0,2,0,0,7,0,0,1,0,1,8,0,2,10,0,0,8,3,0,28,0,0,8,0,0,1,0,16,0,1,0,3,0,0,1,74,0,1,0,2,0,3,0,0,28,0,0,0,0,2,0,0,2,1,0,0,0,6,0,0,0,1,1,8,0,0,0,1,0,0,0,0,0,0,0,6,0,0,0,13,0,0,0,1,0,0,3,0,0,4,0,0,9,0,0,0,1,15,0,11,0,1,18,0,0,0,8,0,0,0,0,1,0,1,3,0,0,11,0,0,8,0,0,0,12,0,4,1,10,5,8,0,0,0,14,0,0,0,0,6,0,0,5,0,10,0,0,0,0,1,0,0,0,0,0,1,0,0,0,0,0,5,0,0,1,0,2,0,4,0,2,3,0,0,0,0,0,0,1,2,1,0,0,2,0,4,0,0,0,4,0,1,0,5,1,0,6,0,0,2,1,3,5,0,0,0,0,0,1,0,12,0,0,1,0,0,78,0,0,0,0,0,0,0,0,0,0,0,15,0,6,2,8,0,0,3,0,0,32,0,0,0,0,51,0,0,0,0,0,0,0,0,0,0,3,2,1,0,1,2,0,0,2,6,0,0,2,12,0,0,4,0,2,0,1,1,0,1,1,0,0,0,4,8,2,0,1,1,0,5,0,0,0,4,0,1,0,3,0,1,0,0,1,1,0,1,0,1,0,0,0,2,0,0,0,11,0,0,0,1,0,0,2,0,0,8,0,1,10,0,1,0,0,0,0,0,0,0,10,0,0,0,0,8,0,2,0,0,3,0,2,0,2,0,0,2,0,7,0,4,4,3,4,0,0,0,6,0,0,8,1,2,0,0,0,4,2,4,0,6,24,0,0,16,0,0,2,0,8,1,0,0,0,2,0,0,12,0,0,0,0,0,0,8,0,0,0,8,27,0,4,6,0,1,31,0,0,2,0,3,0,1,0,6,0,2,0,0,1,8,5,2,2,1,4,0,9,2,0,3,0,0,1,0,0,2,1,1,2,0,4,4,2,0,0,8,0,3,1,0,10,1,7,0,0,2,1,6,1,4,0,2,0,0,0,0,1,4,0,0,0,11,0,0,2,3,0,1,4,1,0,0,1
Albonectria_decemcellulare_NRRL_13412,N,Nectriaceae,16,3,11,0,3,0,0,7,0,0,4,1,0,2,0,2,14,0,0,4,4,0,30,0,0,5,0,0,0,0,18,0,1,0,6,0,0,2,88,0,0,0,2,0,2,0,0,20,0,0,0,0,0,0,0,0,0,0,0,2,2,3,0,0,2,0,2,0,0,0,1,1,0,0,0,0,0,0,6,3,0,0,16,0,0,0,0,0,0,2,0,0,4,0,0,9,0,0,0,1,24,0,8,1,0,26,0,1,0,10,1,0,0,0,1,0,1,3,0,0,11,0,0,12,0,0,0,16,0,6,1,4,3,10,0,0,0,22,0,0,0,0,16,0,0,4,0,6,0,0,0,0,1,0,0,0,0,0,2,0,0,0,0,0,7,0,0,1,0,4,0,4,0,0,1,0,0,2,0,2,0,1,3,0,0,0,2,0,6,0,0,0,7,0,1,0,7,1,0,3,0,0,2,1,8,4,0,0,0,0,0,2,0,16,0,0,1,0,1,82,0,0,0,0,0,0,0,0,0,0,0,16,0,16,0,4,0,0,4,0,0,34,0,0,0,2,53,0,0,0,0,0,0,1,2,0,0,3,1,1,0,1,2,0,0,3,5,0,0,2,7,0,0,5,0,4,0,3,7,0,3,3,0,0,0,3,0,8,0,1,2,0,4,0,0,0,4,1,1,2,3,1,1,0,0,2,3,0,1,0,1,0,0,0,2,0,0,0,15,0,0,1,1,0,0,2,0,0,8,0,6,6,1,1,0,2,2,0,0,0,0,10,0,0,0,0,6,0,2,0,0,2,0,1,0,2,0,0,1,2,3,0,2,4,1,6,0,2,0,6,0,0,12,2,0,0,0,0,4,1,2,0,6,26,0,0,14,0,0,0,0,8,1,0,0,0,2,0,0,10,0,0,0,0,0,2,12,0,0,0,6,33,0,3,5,0,1,32,0,0,4,0,3,0,1,0,6,0,2,0,0,2,6,10,1,4,2,4,0,6,2,0,3,0,0,1,0,0,2,1,1,1,1,4,1,1,0,0,7,0,4,2,0,10,0,9,0,0,1,2,9,0,3,0,1,1,0,0,0,1,4,0,1,0,17,0,0,3,3,0,2,3,1,0,0,1
Albonectria_albosuccineum_NRRL_20459,N,Nectriaceae,16,4,6,0,1,0,0,6,0,0,3,1,0,4,0,2,16,0,0,6,1,0,24,0,0,6,0,0,1,1,8,0,1,0,6,0,0,2,78,0,0,0,2,0,2,0,0,20,0,0,0,0,0,0,0,0,0,0,0,0,2,1,0,0,0,1,1,0,0,0,1,1,0,0,0,0,0,0,2,3,0,4,14,0,0,0,0,0,0,2,0,0,6,0,0,10,1,0,0,1,19,0,12,0,0,26,0,2,0,10,0,0,0,0,2,0,1,1,0,0,10,0,0,6,0,0,0,18,0,6,2,6,3,6,0,0,0,22,0,0,0,0,12,0,0,4,0,6,0,0,0,0,1,0,0,0,0,0,1,0,0,0,0,0,9,0,0,1,0,2,0,4,0,0,1,0,0,2,0,1,0,1,1,1,0,0,2,0,5,0,0,0,4,0,1,0,8,1,0,2,0,0,4,0,10,5,1,0,0,0,0,1,0,12,0,0,1,0,1,88,0,0,0,0,0,0,0,0,0,0,0,16,0,10,0,4,0,0,4,0,0,36,0,0,0,2,38,0,0,0,0,0,0,0,4,0,0,6,1,1,0,1,2,0,0,3,6,0,0,3,9,0,0,8,0,3,0,3,3,0,1,3,0,0,0,4,2,6,0,1,2,0,4,0,0,0,2,2,1,0,2,1,1,0,0,0,2,0,2,0,1,0,0,0,2,0,0,0,14,0,0,2,0,0,0,2,0,0,8,0,3,10,1,1,0,2,2,0,0,0,0,6,0,0,0,0,6,0,2,0,0,2,0,2,0,2,0,0,1,0,10,0,2,0,2,14,0,2,0,10,0,0,12,2,0,0,0,0,8,1,2,0,10,24,0,0,14,0,0,0,0,6,1,0,0,0,4,0,0,10,0,0,0,0,0,4,12,0,0,0,4,29,0,3,5,0,1,34,0,0,3,0,4,0,1,0,7,0,2,0,0,1,7,8,2,4,1,3,0,5,2,0,2,0,0,1,0,0,2,2,1,2,1,5,1,1,0,0,7,0,5,2,0,11,0,9,0,0,1,3,9,0,3,0,1,1,0,0,0,1,4,0,0,0,17,0,0,2,3,0,2,3,1,0,0,1
Geejayessia_zealandica_NRRL_22465,N,Nectriaceae,3,4,6,0,0,0,1,6,0,0,1,1,0,4,0,4,10,0,0,2,3,0,13,0,0,3,0,0,1,0,5,0,1,0,3,1,0,2,39,0,0,0,3,0,2,0,0,24,0,0,0,0,0,0,0,0,0,0,0,0,2,1,0,0,0,1,3,0,0,0,0,0,0,0,0,0,0,0,4,0,0,2,2,0,0,0,0,0,0,0,0,0,4,0,0,8,0,1,0,0,8,0,9,0,0,12,0,0,0,4,0,0,0,0,0,0,1,2,0,0,5,0,0,6,0,0,0,10,0,0,2,8,2,10,0,0,0,16,0,0,0,0,6,0,0,4,0,6,0,0,0,0,1,0,0,0,0,0,2,0,0,0,0,0,5,0,0,1,0,2,0,6,0,0,1,0,0,0,0,0,0,1,1,1,0,0,2,0,8,0,0,0,11,0,1,0,4,1,0,2,0,0,3,1,5,5,0,0,0,0,0,2,0,16,0,0,0,1,0,34,0,0,0,0,0,0,0,0,0,0,0,11,0,2,0,4,0,0,2,0,0,20,0,0,0,0,20,0,0,0,0,0,0,0,0,0,0,3,1,1,0,1,1,0,0,0,3,0,0,0,4,0,0,5,0,2,0,1,1,0,1,1,0,0,0,2,2,0,0,1,1,0,2,0,0,0,1,0,1,0,2,1,1,0,0,0,0,0,1,0,0,0,0,0,4,0,0,0,14,0,0,0,0,0,0,2,0,0,2,0,2,4,0,1,0,0,4,0,0,0,0,8,0,0,0,0,6,0,2,0,0,2,0,1,0,4,0,0,0,0,3,0,2,0,1,4,0,0,0,8,0,0,4,1,0,0,0,0,4,1,2,0,10,22,0,0,10,0,0,0,0,0,0,0,0,0,4,0,0,6,0,0,0,0,0,0,6,0,0,0,2,13,0,5,5,0,1,21,0,2,7,0,4,0,2,0,5,0,1,0,0,2,5,4,1,3,1,4,0,5,2,0,2,0,0,1,0,0,1,1,2,2,1,4,2,1,0,0,5,0,2,1,0,6,0,7,0,0,1,2,5,0,3,0,1,2,0,0,0,0,2,0,1,0,12,0,0,3,2,0,0,2,0,0,0,2
Fusarium_oxysporum_Fo47,N,Nectriaceae,11,5,9,0,0,0,0,4,0,0,4,1,0,6,0,2,12,0,0,7,3,0,23,0,0,3,0,0,1,0,7,0,1,0,4,0,0,2,60,0,0,0,2,0,3,0,0,32,0,0,0,0,2,0,2,0,0,0,0,0,3,0,0,0,2,2,7,0,0,0,5,0,0,0,0,0,0,0,8,0,0,2,18,0,0,0,0,0,0,4,0,0,8,0,0,6,0,0,0,1,9,0,13,0,0,26,0,0,0,6,0,0,0,0,2,0,0,1,0,0,8,0,0,12,0,0,0,8,0,8,1,6,4,10,0,0,0,12,0,0,0,0,6,0,0,2,0,12,0,0,0,0,1,0,0,0,0,0,1,0,0,0,1,0,8,0,0,1,0,2,0,4,0,2,0,0,1,0,0,1,0,1,2,3,0,0,3,0,3,0,0,0,8,0,1,0,8,1,0,4,0,0,4,0,7,4,0,0,0,0,1,2,0,12,0,0,1,0,1,68,0,0,0,0,0,0,0,0,0,0,0,14,0,10,0,4,0,0,6,0,0,22,0,0,0,5,53,0,0,1,0,0,0,0,4,0,0,3,1,1,0,1,1,0,0,2,12,0,1,1,11,0,0,6,0,2,0,1,6,4,2,5,1,0,0,3,7,3,0,3,5,0,5,0,0,0,4,0,0,1,2,1,1,0,0,4,3,0,2,0,0,0,0,0,2,0,0,0,12,0,0,0,1,0,0,2,0,0,8,0,2,6,2,1,0,2,4,0,0,0,0,6,0,0,0,0,6,0,2,0,0,1,0,2,0,2,0,0,1,2,4,0,2,2,1,8,1,4,0,6,0,0,10,1,1,0,0,0,6,1,2,0,4,28,0,0,16,0,0,1,0,6,1,0,0,0,4,0,0,6,0,0,0,0,0,0,10,0,0,0,4,33,0,3,5,1,2,22,0,0,6,0,4,0,1,0,4,0,1,0,0,1,5,7,1,3,1,3,0,8,2,0,1,0,0,1,0,0,2,1,1,1,0,3,2,2,0,0,5,0,4,2,0,10,0,7,0,0,1,1,6,0,3,0,1,1,0,0,0,0,2,0,0,0,8,0,0,1,3,0,0,2,0,0,0,2
Fusarium_oxysporum_f_sp_lycopersici_4287,N,Nectriaceae,16,4,8,0,3,1,0,4,0,0,5,1,0,6,0,2,16,0,0,7,4,0,31,0,0,3,0,0,1,0,12,0,1,0,5,0,0,2,75,0,0,0,3,0,4,0,0,40,0,0,0,0,4,0,1,0,0,0,0,0,2,0,0,0,2,1,5,0,0,0,8,0,0,0,0,0,0,0,8,0,0,2,16,0,0,0,0,2,0,6,0,0,10,0,0,8,0,0,0,2,9,0,13,0,0,26,0,1,0,6,0,1,0,0,2,0,0,2,0,0,9,0,0,12,0,0,0,10,1,8,2,8,3,8,0,0,0,10,0,0,0,0,8,0,0,3,0,14,0,2,0,0,1,0,0,0,0,0,1,0,0,0,1,0,15,0,0,2,0,2,0,4,0,2,0,0,1,0,0,1,0,1,1,3,0,0,3,0,3,0,0,0,9,0,1,0,8,1,0,6,0,0,3,1,7,3,1,0,0,0,0,2,0,14,0,0,1,0,1,64,0,2,0,0,0,0,0,0,0,0,0,12,0,14,0,2,0,0,4,0,0,22,0,0,0,3,49,0,0,0,0,0,0,1,4,0,0,4,1,1,0,1,1,0,0,4,12,2,1,1,11,0,0,4,0,2,0,2,7,6,2,2,0,0,0,3,6,6,0,2,2,0,5,0,0,0,3,0,0,1,3,1,1,0,0,3,0,0,2,0,0,0,0,0,2,0,0,0,14,1,0,0,1,0,0,1,0,3,8,0,2,6,3,1,0,2,12,0,0,0,0,6,0,0,0,0,4,0,2,0,0,1,0,2,0,4,0,0,1,2,4,0,2,2,1,2,2,4,0,6,0,0,4,1,0,0,0,0,8,0,2,0,4,34,0,0,14,0,0,1,0,10,0,0,0,0,2,0,0,6,0,1,0,0,0,0,12,0,0,0,4,21,0,3,5,1,2,26,0,0,4,0,3,0,1,0,5,0,1,0,0,1,6,7,1,3,1,4,0,13,1,0,2,0,0,1,0,0,2,2,2,2,0,6,2,2,0,0,6,0,4,2,0,15,0,9,0,0,1,1,5,0,3,0,1,1,0,0,0,0,2,0,0,0,10,0,0,2,3,0,0,3,0,0,0,4
Fusarium_poae_DAOMC_252244,N,Nectriaceae,11,2,6,0,1,0,0,6,0,0,2,0,0,2,0,2,12,0,0,1,3,0,19,0,0,4,0,0,0,0,4,0,1,0,4,0,0,2,40,0,0,0,1,0,3,0,0,36,0,0,0,0,0,0,0,0,0,0,0,0,8,1,0,0,0,2,4,0,0,0,1,0,0,0,0,0,0,0,6,0,0,0,3,0,0,0,0,0,0,5,0,0,6,0,0,7,0,0,0,2,6,0,11,1,0,36,0,1,0,6,0,0,0,0,1,0,0,1,0,0,2,0,0,14,0,0,0,10,0,0,1,6,2,4,0,0,0,12,0,0,0,0,10,0,0,1,0,6,0,0,0,0,1,0,0,0,0,0,1,0,0,0,0,0,5,0,0,1,0,2,0,4,0,0,0,0,2,0,2,0,0,1,2,2,0,0,1,0,2,0,0,0,4,0,1,0,7,1,0,2,0,0,3,0,5,2,0,0,0,0,0,0,0,12,0,0,0,1,0,58,0,2,0,0,0,0,0,0,0,0,0,11,0,8,0,0,0,0,2,0,0,10,0,0,0,1,21,0,0,0,0,0,0,0,0,0,0,2,1,1,0,1,1,0,0,2,4,0,0,1,3,0,0,3,0,3,0,1,2,0,2,1,0,0,0,0,0,2,0,0,1,0,2,0,0,0,1,0,0,1,1,1,1,0,0,2,1,0,1,0,0,0,0,0,2,0,0,0,12,0,0,0,0,0,0,2,0,0,6,0,1,2,0,1,0,0,0,0,0,0,0,6,0,0,0,0,2,0,2,0,0,1,0,1,0,2,0,0,1,0,6,0,2,4,1,6,0,2,0,4,0,0,0,1,0,0,0,0,4,1,2,0,2,16,0,0,4,0,0,0,0,0,0,0,0,0,4,0,0,2,0,0,0,0,0,0,4,0,0,0,1,21,0,4,5,0,1,16,0,0,5,0,4,0,1,0,4,0,1,0,0,2,5,4,1,2,1,3,0,6,2,0,1,0,0,1,0,0,2,1,1,1,0,3,7,1,0,0,3,0,5,1,0,8,0,9,0,0,1,0,3,0,4,0,1,0,0,0,0,0,2,0,0,0,6,0,0,1,2,0,0,3,0,0,0,1
Catunica_adiposa_CBS136_34,N,Ceratocystidaceae,3,3,1,0,1,0,0,3,0,0,0,0,0,0,0,2,10,0,0,0,0,0,4,0,0,0,0,0,0,0,0,0,1,0,0,0,0,2,6,0,0,0,2,0,1,0,0,10,0,0,0,0,0,0,0,0,0,0,0,0,1,0,0,0,0,0,0,0,0,0,0,0,0,0,0,0,0,0,2,0,0,0,0,0,0,0,0,0,0,0,0,0,0,0,0,0,0,0,0,0,2,0,3,0,0,4,0,0,0,0,0,0,0,0,0,0,0,2,0,0,2,0,0,4,0,0,0,0,0,0,0,2,0,0,0,0,0,2,0,0,0,0,6,0,0,0,0,4,0,0,0,0,0,1,0,0,0,0,1,0,0,0,0,0,1,0,0,2,0,4,0,4,0,0,0,0,0,0,0,0,0,0,1,1,0,0,0,0,0,0,0,0,5,0,1,0,4,1,0,0,0,0,0,0,2,1,0,0,0,0,0,0,0,8,0,0,0,0,0,18,0,0,0,0,0,0,0,0,0,0,0,2,0,4,0,0,0,0,0,0,0,2,0,0,0,0,10,0,0,0,0,0,0,1,0,0,0,3,0,1,0,0,0,0,0,0,1,0,0,0,0,0,0,1,0,2,0,1,0,0,0,0,0,0,0,0,0,0,0,0,0,1,1,0,0,0,0,0,0,0,0,0,0,0,0,0,0,0,0,0,1,0,0,0,0,0,0,0,7,0,0,0,0,0,0,1,0,0,0,0,0,0,0,2,0,0,0,0,0,0,0,2,0,0,0,0,0,0,4,0,0,1,0,1,0,2,0,0,0,0,2,0,0,0,3,4,0,0,0,2,0,0,0,0,0,0,0,0,6,1,0,0,0,10,0,0,0,0,0,0,0,0,0,0,0,0,4,0,0,0,0,0,0,0,0,4,2,0,0,0,0,3,0,0,5,0,0,11,0,0,3,0,3,0,1,0,6,0,1,0,0,1,1,2,2,4,2,3,0,5,1,0,1,0,0,1,0,0,2,1,1,1,1,3,0,2,0,0,3,0,1,1,0,4,0,3,0,0,0,0,1,0,0,0,1,0,0,0,0,0,0,0,0,0,0,0,0,1,0,0,0,0,0,0,0,0
Bretziella_fagacearum_C519,N,Ceratocystidaceae,6,2,1,0,1,0,0,4,0,0,0,0,0,0,0,2,8,0,0,1,0,0,4,0,0,0,0,0,0,0,0,0,1,0,0,0,0,2,5,0,0,0,1,0,3,0,0,8,0,0,0,0,0,0,0,0,0,0,0,0,1,0,0,0,0,0,0,0,0,0,0,0,0,0,0,0,0,0,2,0,0,0,0,0,0,0,0,0,0,1,0,0,0,0,0,0,0,0,0,0,4,0,4,0,0,4,0,0,0,0,0,0,0,0,0,0,0,2,0,0,1,0,0,6,0,0,0,0,0,0,0,4,0,4,0,0,0,2,0,0,0,0,6,0,0,0,0,4,0,0,0,0,0,1,0,0,0,0,1,0,0,2,0,0,0,0,0,2,0,4,0,4,0,0,0,0,0,0,0,0,0,0,1,1,0,0,0,0,0,0,0,0,5,0,1,0,4,1,0,0,0,0,0,0,1,2,0,0,0,0,0,0,0,4,0,0,0,0,0,16,0,0,0,0,0,0,0,0,0,0,0,3,0,2,0,0,0,0,0,0,0,2,0,0,0,0,14,0,0,0,0,0,0,1,0,0,0,3,0,0,0,0,0,0,0,0,1,0,0,0,0,0,0,1,0,2,0,1,0,0,2,0,0,0,0,0,0,1,0,0,0,1,2,0,0,0,0,0,0,0,0,0,0,0,0,0,2,0,0,0,1,0,0,0,2,0,0,0,5,0,0,0,0,2,0,1,0,0,0,0,0,0,0,1,0,0,0,0,0,0,0,4,0,0,0,0,0,0,6,0,0,2,0,2,0,2,0,0,0,0,2,0,2,0,1,0,0,0,0,4,0,0,0,0,0,0,0,0,6,1,2,0,0,14,0,0,0,0,0,0,0,0,0,0,0,0,2,0,0,0,0,0,0,0,0,8,2,0,0,0,0,4,0,0,5,0,1,15,0,0,1,0,3,0,2,0,6,0,2,1,0,1,1,2,1,4,1,3,0,4,2,0,1,0,0,2,0,0,1,1,1,2,2,4,0,1,0,0,2,0,1,2,0,6,0,5,0,0,0,0,3,0,0,0,1,0,0,0,0,0,4,0,0,0,0,0,0,2,0,0,0,2,0,0,0,0
Huntiella_moniliformis_2021_000010,N,Ceratocystidaceae,4,3,1,0,2,0,0,4,0,0,0,0,0,0,0,2,6,0,0,2,0,0,4,0,0,0,0,0,0,0,0,0,0,0,0,0,0,1,4,0,0,0,3,0,2,0,0,8,0,0,0,0,0,0,0,0,0,0,0,0,1,0,0,0,0,0,1,0,0,0,0,0,0,0,0,0,0,0,2,0,0,0,0,0,0,0,0,0,0,1,0,0,0,0,0,0,0,0,0,0,1,0,3,0,0,0,0,0,0,0,0,0,1,0,0,0,0,2,0,0,2,0,0,2,0,0,0,0,0,0,0,2,0,0,0,0,0,2,0,0,0,0,4,0,0,0,0,2,0,0,0,0,0,1,0,0,0,0,1,0,0,0,0,0,1,0,0,2,0,4,0,4,0,0,0,0,0,0,0,0,0,0,1,1,0,0,0,0,0,0,0,0,5,0,1,0,4,1,0,0,0,0,0,0,2,0,0,0,0,0,0,0,0,10,0,0,0,0,0,24,0,0,0,0,0,0,0,0,0,0,0,3,0,2,0,0,0,0,0,0,0,2,0,0,0,0,10,0,0,0,0,0,0,1,0,0,0,2,0,0,0,0,0,0,0,0,2,0,0,0,0,0,0,2,0,3,0,1,0,0,0,0,0,0,0,0,0,0,0,0,1,0,0,0,0,0,0,0,0,0,0,0,0,0,0,0,1,0,0,0,1,0,0,0,0,0,0,0,5,0,0,0,0,0,0,1,0,0,0,0,0,0,0,1,0,0,0,0,0,0,0,6,0,0,0,0,0,0,4,0,0,1,0,1,0,2,0,0,0,0,3,0,0,0,1,2,0,0,0,2,0,0,0,0,0,0,0,0,12,0,2,0,0,10,0,0,0,0,0,0,0,0,0,0,0,0,4,0,0,0,0,0,0,0,0,4,2,0,0,0,0,3,0,0,3,0,0,14,0,0,3,0,3,0,1,0,6,0,2,0,0,1,1,2,1,4,1,3,1,5,2,0,1,0,0,2,0,0,2,1,1,2,0,5,0,1,0,0,1,0,0,1,0,5,0,3,0,0,0,0,2,0,0,0,1,0,0,0,0,0,0,0,0,0,1,0,0,1,0,0,0,0,0,0,0,0
Ceratocystis_variospora_C1843,N,Ceratocystidaceae,3,3,1,0,1,0,0,4,0,0,0,0,0,0,0,2,4,0,0,2,0,0,4,0,0,0,0,0,0,0,0,0,0,0,0,0,0,1,5,0,0,0,3,0,2,0,0,8,0,0,0,0,0,0,0,0,0,0,0,0,1,0,0,0,0,0,1,0,0,0,0,0,0,0,0,0,0,0,2,0,0,0,0,0,0,0,0,0,0,1,0,0,0,0,0,0,0,0,0,0,1,0,2,0,0,0,0,0,0,0,0,0,1,0,0,0,0,1,0,0,2,0,0,2,0,0,0,0,0,0,0,2,0,0,0,0,0,2,0,0,0,0,4,0,0,0,0,2,0,0,0,0,0,1,0,0,0,0,1,0,0,0,0,0,1,0,0,2,0,4,0,4,0,0,0,0,0,0,0,0,0,0,1,1,0,0,0,0,0,0,0,0,5,0,1,0,4,1,0,0,0,0,0,0,3,0,0,0,0,0,0,0,0,10,0,0,0,0,0,24,0,0,0,0,0,0,0,0,0,0,0,4,0,2,0,0,0,0,0,0,0,2,0,0,0,0,8,0,0,0,0,0,0,1,0,0,0,3,0,0,0,0,0,0,0,0,2,0,0,0,0,0,0,2,0,2,0,1,0,0,0,0,0,0,0,0,0,0,0,0,1,0,0,0,0,0,0,0,0,0,0,0,0,0,0,0,1,0,0,0,1,0,0,0,0,0,0,0,5,0,0,0,0,0,0,1,0,0,0,0,0,0,0,1,0,0,0,0,0,0,0,6,0,0,0,0,0,0,4,0,0,1,0,1,0,2,0,0,0,0,2,0,0,0,2,2,0,0,0,2,0,0,0,0,0,0,0,0,10,0,2,0,0,10,0,0,0,0,0,0,0,0,0,0,0,0,4,0,0,0,0,0,0,0,0,4,2,0,0,0,0,3,0,0,5,0,0,12,0,0,2,0,4,0,1,0,5,0,2,0,0,1,1,2,1,5,1,3,1,5,2,0,1,0,0,1,0,0,1,1,1,2,0,4,0,1,0,0,1,0,0,1,0,4,0,3,0,0,0,0,3,0,0,0,1,0,0,0,0,0,0,0,0,0,1,0,0,1,0,0,0,0,0,0,0,0
Ceratocystis_cubensis_C1811,N,Ceratocystidaceae,1,3,1,0,1,0,0,4,0,0,0,0,0,0,0,2,6,0,0,1,0,0,5,0,0,0,0,0,0,0,2,0,0,0,0,0,0,1,8,0,0,0,3,0,3,0,0,8,0,0,0,0,0,0,0,0,0,0,0,0,1,0,0,0,0,0,0,0,0,0,0,0,0,0,0,0,0,0,2,0,0,0,0,0,0,0,0,0,0,1,0,0,0,0,0,0,0,0,0,0,1,0,3,0,0,0,0,0,0,0,0,0,1,0,0,0,0,1,0,0,2,0,0,2,0,0,0,0,0,0,0,4,0,0,0,0,0,2,0,0,0,0,8,0,0,0,0,2,0,0,0,0,0,1,0,0,0,0,1,0,0,0,0,0,2,0,0,2,0,4,0,4,0,0,0,0,0,0,0,0,0,0,1,1,0,0,0,0,0,0,0,0,9,0,2,0,6,2,0,0,0,0,0,0,2,0,0,0,0,0,0,0,0,6,0,0,0,0,0,26,0,0,0,0,0,0,0,0,0,0,0,3,0,2,0,0,0,0,0,0,0,2,0,0,0,0,10,0,0,0,0,0,0,1,0,0,0,3,0,0,0,0,0,0,0,0,3,0,0,0,0,0,0,1,0,3,0,1,0,0,0,0,0,0,0,0,0,0,0,0,1,0,0,0,0,0,0,0,0,0,0,0,0,0,0,0,1,0,0,0,1,0,0,0,0,0,0,0,6,0,0,0,0,0,0,1,0,0,0,0,0,0,0,1,0,0,0,0,0,0,0,6,0,0,0,0,0,0,6,0,0,1,0,1,0,2,0,0,0,0,3,0,0,0,2,2,0,0,0,4,0,0,0,0,0,0,0,0,8,0,2,0,0,14,0,0,0,0,0,0,0,0,0,0,0,0,4,0,0,0,0,0,0,0,0,4,2,0,0,0,0,5,0,0,3,0,0,9,0,0,4,0,3,0,1,0,7,0,2,0,0,1,1,4,1,4,1,3,0,4,2,0,1,0,0,2,0,0,2,1,1,2,0,5,0,1,0,0,1,0,0,1,0,11,0,7,0,0,0,0,3,0,0,0,1,0,0,0,0,0,0,0,0,0,2,0,0,1,0,0,0,0,0,0,0,0
Berkeleyomyces_basicola_CMW49352,N,Ceratocystidaceae,5,3,1,0,0,0,0,4,0,0,0,0,0,0,0,2,6,0,0,1,0,0,3,0,0,0,0,0,0,0,2,0,2,0,0,0,0,1,3,0,0,0,2,0,3,0,0,10,0,0,0,0,0,0,0,0,0,0,0,0,1,0,0,0,0,0,2,0,0,0,0,0,0,0,0,0,0,0,2,0,0,0,0,0,0,0,0,0,0,2,0,0,0,0,0,0,0,0,0,0,1,0,4,0,0,0,0,0,0,6,0,1,1,0,0,0,0,2,0,0,2,0,0,2,0,0,0,0,0,0,0,2,0,0,0,0,0,2,0,0,0,0,4,0,0,0,0,6,0,0,0,0,0,2,0,0,0,0,1,0,0,0,0,0,2,0,0,2,0,4,0,6,0,0,0,0,0,0,0,0,0,0,1,1,0,0,0,0,0,0,0,0,2,2,1,0,6,2,0,0,0,0,0,0,2,1,0,0,0,0,0,0,0,6,0,0,0,0,0,26,0,0,0,0,0,0,0,0,0,0,0,4,0,4,0,0,0,0,0,0,0,2,0,0,0,0,7,0,0,0,0,0,0,1,0,0,0,3,0,0,0,0,0,0,0,0,1,0,0,0,0,0,0,2,0,3,0,2,0,0,0,0,0,0,0,0,0,0,0,0,1,0,0,0,0,0,0,0,0,0,0,0,0,0,0,0,1,0,0,0,1,0,0,0,0,0,0,0,6,0,0,0,0,0,0,1,0,0,0,0,0,0,0,1,0,0,0,0,0,0,0,4,0,0,0,0,0,0,4,0,0,2,0,2,0,2,0,0,0,0,5,0,0,0,2,4,0,0,0,4,0,0,0,0,0,0,0,0,6,1,2,0,0,14,0,0,0,0,0,0,0,0,0,0,0,0,4,0,0,0,0,0,0,0,0,4,2,0,0,0,0,4,0,0,5,0,0,17,0,0,4,0,4,0,1,0,6,0,1,0,0,1,1,2,2,4,1,4,0,6,2,0,1,0,0,2,0,0,2,1,2,2,0,5,0,1,0,0,1,0,0,1,0,4,0,3,0,0,0,0,3,0,0,0,1,0,0,0,0,0,0,0,0,0,2,0,0,1,0,0,0,0,0,0,0,0
Irpex_lacteus_CCBASFr23861793,N,Irpicaceae,0,2,0,0,0,0,0,0,0,0,2,0,0,2,2,0,46,0,1,0,0,0,34,2,0,7,0,0,1,0,0,0,2,11,0,0,0,4,11,0,0,0,0,0,1,0,0,54,1,0,0,0,0,0,0,0,0,0,0,0,2,0,0,0,0,0,0,0,0,0,0,0,0,0,0,0,0,0,0,0,0,2,0,0,0,0,0,0,0,1,0,0,0,0,6,7,1,0,2,2,0,0,6,0,0,0,0,0,0,4,0,0,0,0,0,0,0,0,2,0,3,0,1,20,0,0,2,12,0,0,1,0,0,6,0,1,0,10,0,0,0,0,4,1,0,2,0,12,0,0,0,0,3,0,5,0,0,0,1,0,0,0,2,0,2,0,3,2,0,14,0,0,0,0,0,0,0,0,0,0,0,0,2,2,3,0,4,0,4,0,0,0,26,0,0,0,0,4,9,0,0,0,0,0,0,3,0,0,0,0,0,0,0,2,0,0,0,1,1,40,0,0,0,0,0,1,0,0,0,0,0,6,0,24,0,0,8,0,10,0,0,24,0,0,0,2,15,0,0,0,0,0,2,0,0,0,0,7,0,0,0,2,0,0,0,0,0,0,0,0,6,0,0,0,0,4,0,0,0,0,2,0,0,0,0,0,0,3,0,0,0,0,0,1,0,0,0,0,0,0,0,0,0,0,0,0,0,0,9,0,0,0,0,4,0,0,0,0,14,0,0,0,0,0,0,1,0,0,4,0,0,6,0,0,0,0,2,0,0,0,0,28,0,0,1,5,10,0,20,0,0,0,0,8,0,2,0,0,0,0,4,0,4,0,1,0,0,0,0,16,0,0,12,0,0,0,0,0,4,0,6,0,0,14,0,0,6,0,0,0,0,11,0,0,0,0,0,5,3,4,0,0,3,0,2,22,0,0,0,0,2,6,2,0,4,0,2,20,0,0,3,0,5,0,4,0,8,0,1,0,0,2,1,4,2,0,3,5,0,6,1,0,2,2,1,2,0,0,4,0,1,2,0,0,0,4,0,0,4,0,0,2,0,10,0,4,0,0,0,0,0,0,0,0,0,0,1,6,0,0,0,0,0,0,0,2,5,0,0,0,0,2,0,0,4,0
Irpex_flavus_38,N,Irpicaceae,2,1,0,0,0,0,0,0,0,0,1,0,0,4,1,0,32,1,0,1,0,0,35,0,0,7,0,0,2,0,0,0,1,8,0,0,0,2,9,0,0,1,0,0,1,0,0,50,0,0,0,0,0,2,0,0,0,0,0,0,4,0,0,0,0,0,0,0,0,0,0,0,0,0,0,0,0,0,0,0,0,0,0,0,0,0,0,0,0,0,0,0,0,0,6,7,1,0,2,2,0,0,3,0,0,0,0,0,0,4,0,0,0,0,0,0,0,0,2,0,3,0,1,12,0,0,0,6,0,0,1,0,0,8,0,0,0,4,0,0,0,0,4,0,0,1,0,12,0,0,0,0,2,0,0,1,0,0,1,0,1,0,3,0,0,0,2,2,0,12,0,0,0,0,2,0,0,0,0,0,0,0,3,4,0,0,4,0,1,0,0,0,16,0,0,0,0,2,7,0,0,0,0,0,0,3,0,0,0,0,0,0,0,2,0,0,0,0,1,32,0,0,0,0,0,1,0,0,0,0,0,4,0,12,0,0,4,0,4,0,0,22,2,0,0,2,16,0,0,0,0,0,2,0,0,0,0,6,0,0,0,2,0,0,0,0,0,0,0,0,6,0,0,0,0,3,0,2,0,0,1,0,0,0,0,0,0,2,0,0,0,0,0,2,0,0,0,0,0,0,0,0,0,0,0,0,0,0,4,0,0,0,0,2,0,0,0,0,10,0,2,0,0,0,0,2,0,0,2,0,0,6,0,0,0,0,4,0,0,0,0,8,0,0,0,3,6,0,16,1,0,0,0,5,0,4,0,0,0,0,4,0,2,0,1,0,0,0,0,10,0,0,10,0,0,0,0,0,4,0,4,0,0,12,0,0,2,0,0,0,0,11,0,0,0,0,0,2,0,4,0,0,3,0,1,16,0,0,0,0,2,5,0,0,5,0,2,17,0,0,3,0,7,0,1,0,6,0,2,0,0,2,1,2,2,0,3,4,0,6,0,2,2,1,0,1,0,0,3,0,1,2,0,0,0,1,1,0,5,0,0,1,0,7,0,1,0,0,0,0,0,0,0,0,0,0,0,8,2,0,0,0,0,0,0,2,3,0,0,0,0,1,0,0,4,0
Irpex_flavus_2021_000011,N,Irpicaceae,2,1,0,0,0,0,0,0,0,0,1,0,0,6,1,0,34,0,1,0,0,0,31,0,0,7,0,0,2,0,0,0,1,8,0,0,0,2,10,0,0,1,0,0,1,0,0,44,1,0,0,0,0,2,0,0,0,0,0,0,3,0,0,0,0,0,0,0,0,0,0,0,0,0,0,0,0,0,0,0,0,0,0,0,0,0,0,0,0,0,0,0,0,0,8,10,0,0,1,2,0,0,4,0,0,0,0,0,0,6,0,0,0,0,0,0,0,0,2,0,3,0,1,14,0,0,0,4,0,0,2,0,0,6,0,0,0,4,0,0,0,0,4,0,0,2,0,10,0,0,0,0,3,0,0,1,0,0,1,0,0,0,2,0,1,1,2,1,0,14,0,0,0,0,2,0,0,0,0,0,0,0,6,4,1,0,3,1,1,0,0,0,16,0,0,0,0,2,7,0,0,0,0,0,0,3,0,0,0,0,0,0,0,4,0,0,0,0,1,36,0,0,0,0,0,0,0,0,0,0,0,4,0,12,0,0,4,0,3,0,2,22,2,0,0,1,16,0,0,0,0,0,2,0,0,0,0,6,0,0,0,2,0,0,0,0,0,0,0,0,5,0,0,0,0,4,0,1,0,0,1,0,0,0,0,0,0,2,0,0,0,0,0,2,0,0,0,0,0,0,0,0,0,0,0,0,0,0,6,0,0,0,0,2,0,0,0,0,10,0,3,0,0,0,0,3,0,0,4,0,0,6,0,0,0,0,4,0,0,0,0,8,0,0,2,4,8,0,16,0,0,0,0,6,0,4,0,0,0,2,3,0,2,0,1,0,0,0,0,12,0,0,8,0,0,0,0,0,4,0,6,0,0,14,0,0,2,0,0,0,0,9,0,0,0,1,0,1,0,4,0,0,3,0,1,14,0,0,0,0,2,6,0,0,4,0,2,18,0,0,4,0,8,0,1,0,7,0,1,0,0,2,1,2,4,0,2,5,0,6,1,1,2,1,0,2,0,0,3,0,3,2,0,0,0,1,1,0,5,0,0,1,0,8,0,1,0,0,0,0,0,0,0,0,0,0,0,12,1,0,0,0,0,0,0,2,2,0,0,0,0,1,0,0,4,0
Irpex_rosettiformis_CBS_384_51,N,Irpicaceae,2,1,0,0,1,0,0,0,0,0,1,0,0,2,2,0,30,0,0,0,0,0,31,0,0,10,0,0,4,0,1,0,1,8,0,0,0,2,9,0,0,0,0,0,2,0,0,52,2,0,0,0,0,0,1,0,0,0,0,0,4,0,0,0,0,0,0,0,0,0,0,0,0,0,0,0,0,0,0,0,0,0,0,0,0,0,0,0,0,2,0,0,0,0,6,6,1,0,2,0,0,0,5,0,0,0,0,0,0,6,0,0,0,0,0,0,0,1,1,0,4,0,0,18,0,0,0,4,0,0,0,0,0,6,0,0,0,4,0,0,0,0,4,0,0,0,0,8,0,0,0,0,4,0,0,1,0,0,1,0,0,0,2,0,1,1,2,1,0,10,0,0,0,0,1,0,0,0,0,0,0,0,3,2,0,0,4,0,2,0,0,0,19,0,0,0,0,3,5,0,0,0,0,0,0,3,0,0,0,0,0,0,0,2,0,0,0,1,0,32,0,0,0,0,0,1,0,0,0,1,0,4,0,14,0,0,4,0,3,0,0,22,0,0,0,2,19,0,0,0,0,0,2,0,0,0,0,5,0,0,0,1,0,0,0,0,0,0,0,0,6,0,0,0,0,3,0,2,0,0,2,0,0,0,0,0,0,1,0,0,0,0,1,0,0,0,0,0,0,0,0,0,0,0,0,0,0,0,0,1,0,1,0,2,0,0,0,0,12,0,0,0,0,0,0,3,0,0,2,0,0,4,0,0,0,0,2,0,0,0,0,16,0,0,0,3,8,0,14,0,0,0,0,4,1,2,0,0,0,0,4,0,2,0,2,0,0,0,0,8,0,0,6,0,0,0,1,0,4,0,8,0,0,2,0,0,4,0,0,0,0,12,0,0,0,0,0,1,0,2,0,0,3,0,2,18,0,0,0,0,2,4,0,0,5,0,0,16,0,0,3,0,5,0,1,0,5,0,2,0,0,1,1,1,1,0,2,4,0,6,0,0,3,1,0,1,0,0,4,0,1,1,0,0,0,1,1,0,6,0,0,3,1,9,0,2,0,0,0,0,0,0,0,0,0,0,0,10,2,0,0,0,0,0,0,2,5,0,0,0,0,2,0,0,2,0
Cytidiella_melzeri_FP_102339,N,Irpicaceae,1,3,0,0,0,0,0,0,0,0,2,0,0,6,1,0,20,0,0,2,0,0,27,0,0,7,0,0,2,0,0,0,2,6,0,0,0,1,4,0,0,0,0,0,1,0,0,38,1,0,0,0,0,0,0,0,0,0,0,0,4,0,0,0,0,0,0,0,0,0,0,0,0,0,0,0,0,0,0,0,0,0,0,0,0,0,0,0,0,0,0,0,0,0,2,5,1,0,2,1,0,0,2,0,0,0,0,0,0,4,0,0,0,0,0,0,0,1,1,0,2,0,0,14,0,0,0,2,0,0,1,0,0,4,0,0,0,8,0,0,0,0,4,0,0,1,0,6,1,0,0,0,3,0,0,2,0,0,1,0,0,0,1,0,2,1,1,2,0,8,0,0,0,0,0,0,0,0,0,0,0,2,2,2,0,0,4,0,1,0,0,0,17,0,0,0,0,4,6,0,0,0,0,0,0,2,0,0,0,0,0,0,0,2,0,0,0,0,0,42,0,0,0,0,0,0,0,0,0,0,0,3,0,16,0,0,4,0,3,0,0,18,0,0,0,0,14,0,0,0,0,0,2,0,0,0,0,5,0,0,0,2,0,0,0,0,0,0,0,0,6,0,0,0,0,4,0,2,0,0,0,0,0,0,0,0,0,2,0,0,0,0,1,1,0,0,0,0,0,0,0,0,0,0,0,0,0,0,1,0,0,0,0,4,0,0,0,0,11,0,0,0,0,0,0,3,0,0,4,0,0,4,0,0,0,0,4,0,0,0,0,12,0,0,0,1,4,0,18,0,0,0,0,2,0,2,0,0,0,0,4,0,2,0,2,0,0,0,0,10,0,0,6,0,0,0,0,0,2,0,12,0,0,0,0,0,4,0,0,0,0,8,0,0,0,0,0,1,0,4,0,0,2,0,2,12,0,0,0,0,0,8,0,0,5,0,0,20,0,0,4,0,4,0,1,0,6,0,1,0,1,1,1,2,2,0,0,6,0,6,1,0,3,2,0,2,0,0,4,0,2,2,0,0,0,1,1,0,1,0,0,1,0,8,0,2,0,0,0,0,0,0,0,0,0,0,0,12,1,0,0,0,0,0,0,1,6,0,0,0,0,2,0,0,2,0
Trametopsis_cervina_CIRMBRFM1824,N,Irpicaceae,2,1,0,0,0,0,0,0,0,0,2,0,0,8,1,0,26,1,0,0,0,0,23,0,0,6,0,0,0,0,2,0,1,8,0,0,0,2,13,1,0,0,2,0,1,0,0,32,2,0,0,0,0,1,0,0,0,0,0,0,3,0,0,0,0,0,0,0,0,0,0,0,0,0,0,0,0,0,0,0,0,0,0,0,0,0,0,0,0,1,0,0,0,0,4,13,1,0,1,1,0,0,3,0,0,0,0,0,0,6,0,0,0,0,0,0,0,0,2,0,2,0,2,10,0,0,0,6,0,0,0,4,0,2,0,0,0,6,0,0,0,0,4,0,0,0,0,12,0,0,0,0,2,0,0,1,0,0,1,0,0,0,1,2,1,0,2,2,0,10,0,0,0,0,2,0,0,0,0,0,0,0,2,2,0,0,4,0,1,0,0,0,16,0,0,0,0,2,8,0,0,0,0,0,0,10,0,0,0,2,0,0,0,4,0,0,0,1,1,28,0,0,0,0,0,0,0,0,0,0,0,5,0,14,0,0,4,0,2,0,0,18,0,0,0,2,13,0,0,0,0,0,1,0,4,0,0,5,0,0,0,1,0,0,0,0,0,0,0,0,5,0,0,0,0,2,0,1,0,0,0,0,0,0,0,0,0,2,0,0,0,0,0,2,0,0,0,0,0,0,0,0,0,0,0,0,0,0,0,0,0,0,0,0,0,0,0,0,7,0,0,0,0,0,0,3,0,0,4,0,0,6,0,0,0,0,4,0,0,0,0,12,0,0,0,3,8,0,14,0,0,0,0,2,0,4,0,0,0,0,4,0,2,0,1,0,0,0,0,6,0,0,6,0,0,0,0,0,4,0,4,0,0,0,0,0,4,0,0,0,0,9,0,0,0,0,0,1,0,2,0,0,2,0,2,14,0,0,0,0,2,9,0,0,2,0,2,18,0,0,3,0,4,0,1,0,4,0,2,0,0,1,1,2,2,0,2,5,0,5,2,0,2,1,0,2,0,0,3,0,2,1,0,0,0,1,1,0,4,0,0,1,0,7,0,1,0,0,0,0,0,0,0,0,0,0,0,14,2,0,0,0,0,0,0,2,5,0,0,0,0,2,0,0,4,0
Dryadomyces_quercivorus_JCM11526,Y,Ophiostomataceae,2,5,5,0,0,0,0,2,0,0,0,0,0,0,0,2,12,0,0,0,4,0,8,0,2,1,0,0,0,0,5,0,0,0,0,0,0,1,22,0,0,0,2,0,0,0,0,6,0,0,0,0,0,0,0,0,0,0,0,0,2,0,0,0,0,0,2,0,0,0,0,0,0,0,0,0,0,0,4,0,0,0,3,0,0,0,0,0,0,2,0,0,2,0,0,1,0,0,0,0,3,0,4,0,0,0,0,0,0,4,0,0,0,0,0,0,0,1,0,0,2,0,0,0,0,0,0,6,0,6,0,4,0,4,0,0,0,8,0,1,1,0,4,0,0,2,0,6,0,2,0,0,0,2,0,0,0,0,1,0,0,0,0,0,2,0,0,2,0,2,0,4,1,0,3,0,0,0,0,0,0,0,2,1,0,0,0,0,2,0,1,0,2,0,0,0,3,0,0,0,0,0,1,1,5,2,0,0,0,0,0,0,0,6,0,0,0,1,0,68,0,1,0,0,0,0,0,0,0,0,0,6,0,8,0,0,0,0,0,0,0,10,0,0,0,1,24,0,0,0,2,0,0,0,0,0,0,2,0,1,0,2,1,0,0,0,1,0,0,0,4,1,0,3,0,2,0,1,2,0,0,0,0,0,0,0,0,0,0,0,0,0,2,0,0,0,2,0,0,0,0,0,0,0,0,0,0,0,0,0,1,0,0,0,0,0,1,0,9,0,0,0,0,2,0,2,0,0,2,0,0,4,0,1,0,0,0,0,0,0,0,2,0,0,0,0,0,0,4,0,0,4,0,0,0,4,0,0,2,0,5,0,0,0,2,4,0,0,0,2,0,0,2,1,0,0,0,0,10,0,0,0,0,30,0,0,8,0,0,0,0,2,0,0,0,0,2,0,0,2,0,0,0,0,0,18,0,0,0,0,0,3,0,0,3,0,1,24,0,0,2,0,5,0,1,0,7,0,2,0,0,1,2,5,1,3,1,4,0,7,2,0,2,0,0,1,0,0,2,1,1,1,1,5,0,2,0,0,5,0,3,1,0,3,0,5,0,0,0,0,0,0,2,0,0,0,0,0,0,0,4,0,0,0,0,0,0,0,0,0,0,0,0,0,0,0
Dryadomyces_quercus_mongolicae_KACC44405,Y,Ophiostomataceae,8,3,6,0,0,0,0,2,0,0,0,0,0,0,0,2,10,0,0,0,3,0,9,0,0,1,0,0,0,0,3,0,0,0,0,0,0,1,21,0,0,0,1,0,0,0,0,4,0,0,0,0,0,0,0,0,0,0,0,0,1,0,0,0,0,0,2,0,0,0,1,0,0,0,0,0,0,0,4,0,0,0,2,0,0,0,0,0,0,2,0,0,2,0,0,2,0,0,0,0,1,2,8,0,0,0,0,0,0,2,0,0,0,0,0,0,0,1,0,0,2,0,0,0,0,0,0,4,0,8,0,2,0,0,0,0,0,12,0,0,0,0,4,0,0,1,0,8,0,0,0,0,1,1,0,0,0,0,1,0,0,0,0,0,2,0,0,1,0,2,0,4,0,0,4,0,0,0,0,0,0,0,2,3,0,0,0,0,2,0,1,0,2,0,0,0,2,2,0,0,0,0,2,0,5,2,0,0,0,0,0,0,2,10,0,0,0,0,0,58,0,2,0,0,0,0,0,0,0,0,0,5,0,6,0,0,0,2,0,0,0,8,0,0,0,1,28,0,0,0,0,0,0,0,0,0,0,2,0,1,0,2,1,0,0,0,1,0,0,0,4,0,0,2,0,2,0,1,3,0,0,0,0,0,0,0,0,0,0,0,0,0,2,0,0,0,2,0,0,0,0,0,0,0,0,0,0,0,0,0,1,0,0,0,0,0,1,0,11,0,0,0,0,2,0,1,0,0,4,0,0,2,0,1,0,0,0,0,0,0,0,2,0,0,0,0,0,0,4,0,0,3,0,0,0,4,0,0,1,0,5,0,0,0,2,6,0,0,0,2,0,0,4,1,0,0,0,0,10,0,0,0,0,24,0,0,8,0,0,0,0,4,0,0,0,0,2,0,0,2,0,0,0,0,0,14,0,0,0,0,0,4,0,0,5,0,2,23,0,0,1,0,3,0,2,0,5,0,1,0,0,1,0,3,1,3,1,3,0,5,2,0,1,0,0,1,0,0,1,2,1,1,0,3,0,1,0,0,4,0,2,2,0,2,0,8,0,0,0,0,0,0,1,0,0,0,0,0,0,0,6,0,0,0,0,0,0,0,0,0,0,0,0,0,0,0
Dryadomyces_sulphureus_CBS_38068,Y,Ophiostomataceae,8,4,5,0,0,0,0,2,0,1,0,0,0,0,0,2,22,0,0,0,0,0,8,0,0,2,0,0,0,0,6,0,0,0,0,0,0,2,13,0,0,0,1,0,0,0,0,4,0,0,0,0,0,0,0,0,0,0,0,2,2,0,0,0,0,0,1,0,0,0,0,0,0,0,0,0,0,0,2,0,0,0,3,0,0,0,0,0,0,1,0,0,2,0,0,1,0,0,0,0,0,0,6,0,0,0,0,0,0,2,0,0,0,0,0,0,0,1,0,0,3,0,0,0,0,0,0,0,0,0,0,2,0,0,0,0,0,14,0,0,0,0,6,0,0,0,0,6,0,0,0,0,0,2,0,0,0,0,2,0,0,0,0,0,5,0,0,2,0,0,0,4,0,0,1,0,0,0,0,0,0,0,1,0,0,0,0,0,1,0,0,2,2,0,0,0,3,0,0,0,0,0,2,0,4,1,0,0,0,0,0,0,0,8,0,0,0,0,0,50,0,0,0,0,0,0,0,0,0,0,0,3,0,2,0,0,0,4,0,0,0,12,0,0,0,1,24,0,0,0,0,0,0,0,0,0,0,1,0,1,0,0,2,0,0,0,2,0,0,0,1,0,0,2,0,2,0,2,0,0,0,0,0,0,0,0,0,0,0,0,0,0,0,0,0,0,2,0,0,0,0,0,0,0,0,0,0,0,0,0,1,0,0,0,0,0,2,0,9,0,0,0,0,0,0,1,0,0,0,0,0,2,0,1,0,0,0,0,0,0,0,2,0,0,0,0,0,0,4,0,0,4,0,0,0,4,0,0,0,0,4,0,0,0,2,10,0,0,0,4,0,0,0,0,0,0,0,0,10,0,0,0,0,34,0,0,4,0,0,0,0,3,0,0,0,0,4,0,0,0,0,0,0,0,0,12,0,0,0,0,0,4,0,0,3,0,1,18,1,0,3,0,3,0,1,0,5,0,2,0,0,2,0,3,1,5,1,5,0,6,2,0,1,0,0,1,0,0,3,0,1,1,0,4,0,2,0,0,3,0,5,2,0,2,0,6,0,0,0,0,0,0,2,0,0,0,0,0,0,0,4,0,0,0,0,0,0,0,0,0,0,0,0,0,0,0
Harringtonia_lauricola_2021_000003,Y,Ophiostomataceae,5,6,6,0,0,0,0,2,0,0,3,0,2,0,0,4,10,0,0,0,5,0,13,0,0,1,0,0,0,0,4,0,0,0,0,0,0,2,15,0,0,0,1,0,0,0,0,12,0,1,0,0,0,0,0,0,0,0,0,0,10,1,0,0,0,0,2,0,0,1,0,0,0,1,0,0,0,0,2,0,0,0,1,0,0,0,0,0,0,5,0,0,2,0,0,3,0,0,0,0,5,0,4,0,0,4,0,0,0,4,0,0,0,0,0,0,0,2,0,0,3,0,0,8,0,0,0,2,0,4,0,2,2,4,0,0,0,6,0,0,0,0,8,0,0,0,0,6,0,1,0,0,0,1,0,0,0,0,2,0,0,0,0,0,6,0,0,2,0,4,0,6,0,0,4,0,1,1,0,0,0,0,1,2,0,0,0,0,1,0,0,0,4,0,0,0,4,1,0,2,2,0,2,0,2,1,0,0,0,0,0,2,0,10,0,0,0,0,0,62,0,0,0,1,0,0,0,0,0,0,0,7,0,2,0,0,0,0,0,0,0,8,0,0,0,0,29,0,0,0,0,0,0,0,0,0,0,3,0,4,0,0,1,0,0,0,2,0,0,0,2,0,0,1,0,6,0,1,1,0,1,1,0,0,0,0,0,0,0,2,0,0,1,0,0,0,2,0,0,0,0,0,0,0,0,0,0,0,0,0,2,0,0,0,4,0,1,0,9,0,0,0,0,0,0,1,0,0,2,0,2,0,0,2,0,0,0,0,0,1,0,6,0,0,0,0,0,0,2,0,0,3,0,1,0,2,0,0,0,0,7,0,2,0,1,4,0,0,0,10,0,0,0,0,1,0,0,0,10,1,0,0,0,24,0,0,4,0,0,0,0,0,0,0,0,0,4,0,0,4,0,0,2,0,0,10,0,0,2,0,0,6,0,0,5,0,2,19,0,0,5,0,4,0,2,0,5,0,1,0,0,2,0,3,1,5,1,5,0,10,0,0,2,0,0,1,0,0,2,1,2,1,3,4,0,1,0,0,6,0,4,2,0,3,0,5,0,0,0,0,0,0,1,0,0,0,0,0,0,0,6,0,0,0,2,0,0,2,0,0,0,0,0,0,0,0
Harringtonia_lauricola_RL570,Y,Ophiostomataceae,5,6,6,0,0,0,0,2,0,0,3,0,2,0,0,4,10,0,0,0,5,0,13,0,0,1,0,0,0,0,3,0,0,0,0,0,0,2,14,0,0,0,1,0,0,0,0,16,0,0,0,0,0,0,0,0,0,0,0,0,2,2,0,0,0,0,2,0,0,0,0,0,0,0,0,0,0,0,4,0,0,0,1,0,0,0,0,0,0,5,0,0,2,0,0,3,0,0,0,0,5,0,4,0,0,6,0,0,0,4,0,0,0,0,0,0,0,2,0,0,3,0,0,8,0,0,0,2,0,4,0,2,2,2,0,0,0,6,0,0,0,0,8,0,0,0,0,4,0,2,0,0,0,1,0,0,0,0,2,0,0,0,0,0,4,0,0,1,0,6,0,6,0,0,4,0,1,1,0,0,0,0,1,2,0,0,0,0,1,0,0,0,5,0,0,0,5,2,0,3,1,0,2,0,2,1,0,0,0,0,0,2,0,12,0,0,0,0,0,66,0,0,0,0,0,0,0,0,0,0,0,8,0,4,0,0,0,0,0,0,0,12,0,0,0,0,23,0,0,0,0,0,0,0,0,0,0,2,0,3,0,0,1,0,0,0,2,0,0,0,3,0,0,1,0,7,0,1,1,0,1,1,0,0,0,0,0,0,0,2,0,0,1,0,0,0,2,0,0,0,0,0,0,0,0,0,0,0,0,0,2,0,0,0,4,0,1,0,7,0,0,0,0,0,0,1,0,0,2,0,2,0,0,2,0,0,0,0,0,2,0,6,0,0,0,0,0,0,4,0,0,3,0,1,0,4,0,0,0,0,7,0,2,0,1,4,0,0,0,10,0,0,0,0,1,0,0,0,8,1,0,0,0,24,0,0,6,0,0,0,0,0,0,0,0,0,2,0,0,4,0,0,1,0,0,12,0,0,2,0,0,8,0,0,4,0,1,22,0,0,5,0,4,0,2,0,5,0,1,0,0,2,1,4,1,5,1,3,0,10,0,0,2,0,0,1,0,0,2,1,2,1,3,4,0,1,0,0,6,0,3,2,0,3,0,5,0,0,0,0,0,0,1,0,0,0,0,0,0,0,8,0,0,0,2,0,0,1,0,0,0,0,0,0,0,0
Harringtonia_aguacate_PL1004,Y,Ophiostomataceae,6,8,5,0,1,0,0,2,0,0,3,0,0,0,0,6,16,0,0,3,3,2,6,0,0,2,0,0,0,0,2,0,0,0,0,0,0,2,16,0,0,0,2,0,0,0,0,6,0,0,0,0,0,0,0,0,0,0,0,0,4,1,0,0,0,0,1,0,0,0,0,0,0,0,1,0,0,0,2,0,0,0,7,0,0,0,0,2,0,1,0,0,4,0,0,0,0,0,0,0,3,0,7,0,0,2,0,0,0,0,0,0,0,0,0,0,0,2,0,0,6,0,0,4,0,0,0,2,0,8,0,2,0,0,0,0,0,6,0,2,0,0,6,0,0,1,0,6,0,0,0,0,0,1,0,0,0,0,1,0,0,0,0,0,5,0,0,2,1,4,0,4,0,0,4,0,0,0,0,0,0,0,1,1,0,0,0,0,2,0,0,0,4,0,0,0,5,1,0,3,0,0,2,0,1,1,0,2,0,0,0,1,0,10,0,0,1,0,0,40,0,0,0,0,0,0,0,0,0,0,0,10,0,2,0,0,0,4,3,0,0,12,0,0,0,1,43,0,0,0,0,0,0,0,0,0,0,3,0,2,0,0,1,0,0,0,3,0,0,0,3,0,0,5,0,2,0,3,2,0,0,1,0,0,0,0,6,4,0,1,0,0,1,0,2,0,2,0,0,0,0,0,0,0,0,0,1,0,0,0,2,0,0,0,4,0,3,0,11,0,0,0,0,0,0,1,0,0,2,0,2,8,0,2,0,0,0,0,0,0,0,8,0,0,0,0,0,0,4,0,0,4,0,1,0,2,0,0,1,0,7,0,0,0,1,4,0,0,0,8,0,0,0,0,2,0,0,0,12,0,0,0,0,24,1,0,18,0,0,0,0,0,0,0,0,0,4,0,0,10,0,0,0,2,0,10,0,0,0,0,3,8,0,0,4,0,1,18,0,0,3,0,4,0,2,0,5,2,2,0,0,1,1,5,1,3,1,4,0,6,1,1,2,0,0,1,0,0,2,1,1,1,7,5,0,1,0,0,4,0,3,1,0,4,0,3,0,0,0,0,0,0,1,0,0,0,0,0,0,0,2,0,0,0,0,0,1,0,0,0,0,0,0,0,0,0
Raffaelea_ambrosiae_CBS18564,Y,Ophiostomataceae,11,6,4,0,3,0,0,4,0,0,5,0,0,0,0,8,18,0,0,2,2,0,16,0,0,1,0,0,0,0,9,0,0,0,0,0,0,2,20,0,0,0,11,0,0,0,0,30,0,0,0,0,0,0,0,0,0,0,0,0,2,0,0,0,0,0,2,0,0,0,0,0,0,0,0,0,0,0,2,1,0,2,7,0,0,0,0,0,0,7,0,0,12,0,10,2,0,0,0,0,6,0,13,0,0,4,0,0,0,0,0,0,0,0,0,0,0,2,0,0,4,0,0,4,0,0,0,6,0,10,0,12,0,4,0,0,0,4,0,0,0,0,12,0,0,0,1,4,0,0,0,1,1,0,0,0,0,0,2,0,0,0,0,0,2,0,0,1,0,8,0,6,0,0,5,2,0,0,0,0,0,0,1,3,0,1,0,0,5,0,0,0,4,1,2,0,3,1,0,3,0,0,1,0,3,0,0,0,0,0,0,0,0,12,0,0,0,1,0,34,0,0,0,0,0,0,0,0,0,0,0,12,0,8,0,0,4,0,4,0,0,12,0,0,0,2,26,0,0,0,0,0,2,0,10,0,0,2,0,2,0,0,2,0,0,0,3,0,0,1,6,0,0,2,0,2,0,3,1,0,1,1,0,0,0,0,0,2,0,1,0,0,1,0,0,0,2,0,0,0,0,1,0,0,0,0,0,0,0,0,0,0,0,0,4,3,4,0,9,0,0,0,0,0,0,1,0,0,4,0,0,0,1,1,0,0,0,0,0,1,0,6,0,0,0,0,6,0,4,0,0,4,0,2,0,0,0,0,1,0,11,0,2,0,3,4,0,6,0,12,0,0,0,0,0,0,0,0,12,0,0,0,0,30,0,0,10,0,0,0,0,1,0,0,0,0,2,0,0,6,1,0,1,0,0,16,2,0,1,1,3,12,0,0,5,0,1,16,0,0,2,0,4,0,2,0,5,0,1,0,0,2,3,4,1,5,1,5,0,7,1,1,1,0,0,1,0,0,1,2,1,1,3,4,0,1,0,0,5,0,2,0,0,4,0,3,0,0,0,0,0,0,4,0,0,0,0,0,0,0,0,0,0,0,2,0,1,1,0,2,0,0,0,0,0,0
Raffaelea_albimanens_CBS_27170,Y,Ophiostomataceae,8,7,5,0,0,0,0,3,0,0,5,0,1,0,0,8,18,0,0,1,3,0,13,0,0,2,0,0,0,0,5,0,0,0,0,0,0,1,25,0,0,0,8,0,2,1,0,48,0,0,0,0,0,0,0,0,0,0,0,0,1,0,0,0,0,0,1,0,0,0,0,0,0,0,0,0,0,0,2,1,0,0,10,0,0,0,0,0,0,9,0,0,8,0,8,2,0,0,0,0,6,0,8,0,0,8,0,0,0,0,0,0,0,0,0,0,0,3,0,0,3,0,0,6,0,0,0,2,0,6,1,12,2,6,0,0,0,6,0,1,0,0,8,0,0,1,0,4,0,0,0,1,1,0,0,0,0,0,1,0,0,0,0,0,4,0,0,2,0,8,0,6,0,0,3,3,0,0,0,0,0,0,1,3,0,0,0,0,4,0,0,0,4,1,1,0,2,2,0,4,0,0,1,0,6,1,0,0,0,0,0,0,0,10,0,0,0,0,0,50,0,0,0,0,0,0,0,0,0,0,0,7,0,4,0,0,0,0,4,0,0,10,0,0,0,1,26,0,0,0,0,0,1,0,4,2,0,2,0,3,0,0,1,0,0,0,2,0,0,0,3,0,0,3,0,2,0,1,0,0,1,1,0,0,0,0,3,0,0,2,0,0,2,0,0,0,1,0,0,0,0,1,0,0,0,2,1,0,0,0,0,0,0,0,2,4,4,0,8,0,0,0,0,1,0,1,0,0,2,0,2,4,0,1,0,0,0,0,0,1,0,12,0,0,0,0,4,0,2,0,0,2,0,0,0,2,0,0,1,0,7,0,2,2,2,4,0,2,0,14,0,0,0,0,0,0,0,0,12,0,0,0,0,26,0,0,8,0,0,0,0,2,0,0,0,0,4,0,0,8,0,0,1,0,0,12,4,0,1,0,1,6,0,0,4,0,1,16,0,0,1,0,3,0,1,0,6,0,1,0,0,1,3,3,1,3,1,3,0,9,1,0,1,0,0,1,0,0,1,2,1,1,2,3,0,1,0,0,2,1,2,2,0,3,0,6,0,0,0,0,0,0,1,0,0,0,0,0,0,0,4,2,0,2,1,0,1,1,1,0,0,0,0,0,0,0
Raffaelea_arxii_CBS_27370,Y,Ophiostomataceae,8,7,3,0,0,0,0,2,0,0,3,2,0,0,0,4,16,0,0,4,7,0,10,0,0,2,0,0,0,0,9,0,0,0,0,0,0,1,16,0,0,0,1,0,0,0,0,12,0,0,0,0,0,0,0,0,0,0,0,0,3,1,0,0,0,0,1,0,0,0,0,0,0,0,0,0,0,0,4,1,0,0,7,0,0,2,0,0,0,4,0,0,2,0,0,1,0,0,0,0,7,0,7,0,0,2,0,0,0,4,0,0,0,0,0,0,0,1,0,0,2,0,0,0,0,0,0,2,0,4,0,8,2,0,0,0,0,10,0,0,0,0,4,0,0,2,0,4,0,0,0,2,0,1,0,0,0,0,1,1,0,0,1,0,4,0,0,2,1,2,0,4,0,0,1,0,0,0,0,0,0,0,1,3,0,0,0,0,3,2,0,0,7,0,0,0,5,2,0,2,0,0,1,0,6,1,0,0,0,0,0,0,0,6,0,0,0,1,0,56,0,0,0,0,0,0,0,0,0,0,0,7,0,2,0,0,6,0,2,0,0,10,0,0,0,0,24,0,0,0,0,0,0,0,0,0,0,2,0,2,0,0,2,0,0,0,3,0,0,0,1,0,0,1,0,2,0,1,0,2,1,2,0,0,0,0,2,0,0,0,0,0,0,0,0,0,1,0,0,0,0,0,0,0,0,0,2,0,0,0,0,0,0,0,4,0,1,0,12,0,0,0,0,0,0,1,0,0,2,1,1,4,1,1,0,0,0,0,0,0,0,8,0,0,0,0,0,0,2,0,0,0,0,0,0,0,0,0,0,0,4,0,2,0,2,8,0,2,0,10,0,0,0,0,0,0,0,0,12,0,0,0,0,32,0,0,6,0,0,0,0,2,0,0,0,0,2,0,0,10,0,0,2,0,0,12,0,0,0,0,0,12,0,0,4,0,1,17,0,0,3,0,3,0,1,0,6,0,2,0,0,1,2,7,2,3,1,4,0,7,2,0,1,0,0,1,0,0,2,1,1,2,4,4,0,2,0,0,1,0,4,2,0,3,0,8,0,0,0,0,0,0,1,0,0,0,0,0,0,0,4,0,0,0,2,0,0,2,2,0,0,0,0,0,0,0
Neocosmospora_kuroshium_UCR3666_AF12,Y,Nectriaceae,10,2,5,0,1,0,0,5,0,0,1,0,1,4,0,0,10,0,0,4,3,0,25,0,0,6,0,0,1,0,10,0,1,0,2,0,0,2,54,0,1,0,2,0,3,0,0,24,0,0,0,0,2,0,0,0,0,1,0,0,7,0,0,0,1,2,8,0,0,0,2,2,0,0,0,0,0,0,6,1,0,0,15,0,0,0,1,1,0,1,0,0,6,0,0,7,0,0,0,1,16,0,10,0,0,18,0,0,0,2,0,0,0,0,1,0,1,3,0,0,7,0,0,6,0,0,0,12,0,0,1,6,5,4,0,0,0,14,0,0,0,0,6,0,0,4,0,6,0,0,0,0,2,0,0,0,0,0,1,0,0,0,0,0,5,0,0,1,0,2,0,4,0,0,2,0,0,0,2,0,0,1,2,1,0,0,2,0,4,0,0,0,3,0,1,0,7,1,0,4,0,0,3,0,3,2,1,0,0,0,0,1,0,10,0,0,1,0,2,94,0,2,0,0,0,0,0,0,0,0,0,11,0,4,4,4,0,0,2,0,0,22,0,0,0,0,41,0,0,0,0,0,0,0,0,0,0,5,1,1,0,1,2,0,0,1,6,0,0,1,7,0,0,3,0,2,0,2,0,2,0,1,0,0,0,3,7,2,2,1,1,0,6,0,0,0,4,0,1,0,2,0,1,0,0,0,1,0,1,0,0,0,0,0,2,0,0,0,13,0,0,0,0,0,0,2,0,0,8,0,1,6,0,1,0,0,0,0,0,0,0,8,0,0,0,0,2,0,2,0,0,2,0,2,0,2,0,0,1,0,4,0,2,0,1,4,0,2,0,6,0,0,2,1,1,0,0,0,4,1,2,0,4,18,0,0,8,0,0,0,0,4,0,0,0,0,2,0,0,14,0,0,0,0,0,0,8,0,0,0,2,26,0,2,6,0,1,30,0,0,5,0,3,0,1,0,4,0,2,0,0,0,5,11,1,0,1,3,0,6,0,1,2,0,0,1,0,0,1,1,1,1,1,2,1,2,0,0,8,0,2,2,0,6,0,7,0,0,2,1,11,0,3,0,1,1,0,0,0,1,4,0,0,0,12,0,0,2,2,0,2,3,1,0,0,2
Neocosmospora_euwallaceae_HFEW_16_IV_019_AF2,Y,Nectriaceae,10,2,5,0,1,0,0,6,0,0,2,0,2,2,0,2,10,0,0,4,3,0,26,0,0,7,0,0,1,0,9,0,1,0,2,0,0,2,62,0,0,0,3,0,3,0,0,24,0,0,0,0,2,0,0,2,0,1,0,0,7,0,0,0,1,2,8,0,0,0,3,1,0,0,0,0,0,0,6,1,0,0,13,0,0,0,1,1,0,1,0,0,6,0,0,6,0,0,0,1,19,0,11,0,0,18,0,0,0,2,0,0,0,0,1,0,1,3,0,0,7,0,0,6,0,0,0,12,0,0,1,6,5,6,0,0,0,14,0,0,0,0,4,0,0,4,0,6,0,0,0,0,1,0,0,0,0,0,1,0,0,0,0,0,5,0,0,1,0,2,0,4,0,0,2,0,0,0,2,0,0,1,2,1,0,0,2,0,4,0,0,0,3,0,1,0,6,1,0,4,0,0,2,0,3,4,1,0,0,0,0,1,0,12,0,0,1,0,2,76,0,2,0,0,0,0,1,0,0,0,0,11,0,4,2,4,0,0,2,0,0,18,0,0,0,0,41,0,0,0,0,0,0,0,0,0,0,4,1,1,0,1,3,0,0,1,6,0,0,1,8,0,0,3,0,2,0,1,0,2,1,1,0,0,0,3,6,2,1,1,1,0,5,0,0,0,4,0,1,0,4,0,1,0,0,0,1,0,1,0,0,0,0,0,2,0,0,0,13,0,0,0,0,0,0,2,0,0,10,0,1,8,0,1,0,0,0,0,0,0,0,8,0,0,0,0,4,0,2,0,0,2,0,2,0,2,0,0,1,0,4,0,2,2,1,4,0,2,0,6,0,0,4,1,1,0,0,0,4,1,2,0,6,18,0,0,8,0,0,0,0,4,0,0,0,0,2,0,0,16,0,0,0,0,0,0,6,0,0,0,2,26,0,2,6,0,2,30,0,0,4,0,3,0,1,0,4,0,2,0,0,1,5,10,1,2,1,3,0,6,1,1,2,0,0,1,0,0,1,1,1,1,1,3,3,2,0,0,8,0,3,1,0,8,0,6,0,0,1,1,9,0,3,0,1,1,0,0,0,1,4,0,0,0,12,0,0,2,3,0,2,3,1,0,0,1
Neocosmospora_euwallaceae_2021_000007,Y,Nectriaceae,11,2,6,0,1,0,0,6,0,0,2,0,2,2,0,2,10,0,0,4,4,0,27,0,0,7,0,0,1,0,10,0,1,0,2,0,0,2,67,0,1,0,3,0,3,0,0,24,0,0,0,0,2,0,0,2,0,1,0,0,1,0,0,0,1,2,7,0,0,0,5,2,0,0,0,0,0,0,6,1,0,0,14,0,0,0,1,1,0,1,0,0,6,0,0,7,0,0,0,1,21,0,11,0,0,18,0,0,0,2,0,0,0,0,1,0,1,4,0,0,7,0,0,6,0,0,0,12,0,0,1,8,6,6,0,0,0,16,0,0,0,0,4,0,0,5,0,6,0,0,0,0,2,0,0,0,0,0,1,0,0,0,0,0,5,0,0,1,0,2,0,4,0,0,2,0,0,0,2,0,0,1,2,1,0,0,1,0,5,0,0,0,3,0,1,0,6,1,0,4,0,0,2,0,3,4,1,0,0,0,0,1,0,12,0,0,1,0,2,118,0,2,0,0,0,0,0,0,0,0,0,11,0,4,2,4,0,0,3,0,0,22,0,0,0,0,40,0,0,0,0,0,0,0,0,0,0,3,1,1,0,1,3,0,0,1,7,0,0,1,7,0,0,3,0,2,0,2,0,2,1,1,0,0,0,4,7,2,2,1,1,0,7,0,0,0,4,0,1,0,4,0,1,0,0,0,1,0,1,0,0,0,0,0,2,0,0,0,14,0,0,0,0,0,0,2,0,0,10,0,1,8,0,1,0,0,0,0,0,0,0,8,0,0,0,0,4,0,2,0,0,3,0,3,0,2,0,0,1,0,4,0,4,2,1,4,0,2,0,6,0,0,4,1,1,0,0,0,4,1,2,0,6,20,0,0,8,1,0,0,0,3,1,0,0,0,2,0,0,14,0,0,0,0,0,0,8,0,0,0,2,23,0,2,6,0,2,32,0,0,5,0,3,0,1,0,5,0,2,0,0,1,6,11,1,2,1,3,0,7,1,1,3,0,0,1,0,0,1,1,1,1,1,4,3,2,0,0,7,0,3,2,0,8,0,8,0,0,1,1,10,0,3,1,1,2,0,0,0,1,4,0,0,0,12,0,0,2,3,0,1,3,1,0,0,1
Neocosmospora_oligoseptatum_NRRL_62579_AF4,Y,Nectriaceae,13,2,7,0,1,0,0,8,0,0,2,0,1,2,0,2,8,0,0,4,3,0,28,0,0,8,0,0,0,0,8,0,1,0,2,0,0,2,67,0,1,0,3,0,2,0,0,26,0,0,0,0,2,0,0,2,0,0,0,0,4,0,0,0,1,2,8,0,0,0,3,0,0,0,0,1,0,0,8,1,0,0,11,0,1,0,2,1,0,1,0,0,4,1,0,7,0,0,0,1,18,0,11,0,0,18,0,0,0,4,0,0,0,0,1,0,1,4,0,0,8,0,0,6,0,0,0,16,1,0,1,10,5,6,0,0,0,14,0,0,0,0,6,0,0,4,0,6,0,0,0,0,2,0,0,0,0,0,2,0,0,0,0,0,5,0,0,1,0,2,0,4,0,0,2,0,0,0,2,0,0,1,2,1,0,0,2,0,4,0,0,0,4,0,1,0,8,1,0,3,0,0,2,0,5,5,1,0,0,0,0,1,0,14,0,0,1,0,1,64,0,2,0,0,0,0,0,0,0,0,0,15,0,4,2,4,0,0,3,0,0,22,0,0,0,0,50,0,0,0,0,0,0,0,0,0,0,4,1,1,0,1,3,0,0,1,7,0,0,1,10,0,0,4,0,2,0,1,0,0,1,1,0,0,0,6,6,3,2,1,2,0,6,0,0,0,3,0,2,0,4,0,1,0,0,2,0,0,1,0,1,0,0,0,2,0,0,0,16,0,0,0,0,0,0,2,0,0,8,0,1,8,0,1,0,0,0,0,0,0,0,8,0,0,0,0,8,0,4,0,0,3,0,4,0,2,0,0,1,0,2,0,2,2,1,8,0,2,0,6,0,0,6,1,1,0,0,0,6,1,4,0,4,22,0,1,16,0,0,0,0,3,0,0,0,0,2,0,0,14,0,0,0,0,0,0,8,0,0,0,2,26,0,2,8,0,3,26,0,0,6,0,3,0,1,0,6,0,2,0,0,1,6,10,1,2,1,4,0,7,2,0,5,0,0,1,0,0,2,1,1,2,0,5,2,2,0,0,5,1,3,1,0,10,0,7,0,0,1,1,9,0,3,0,1,1,0,0,0,1,6,0,0,0,11,0,0,2,3,0,2,2,0,2,0,1
Neocosmospora_papillatum_NRRL_62944_AF11,Y,Nectriaceae,12,4,8,0,1,0,0,7,0,0,2,0,1,2,0,4,10,0,0,6,4,0,31,0,0,5,0,0,0,0,8,0,1,0,4,0,0,2,76,0,0,0,4,0,5,0,0,30,0,0,0,0,2,0,0,4,0,0,0,0,5,1,0,0,2,2,10,2,0,0,2,2,0,0,0,0,0,0,4,2,0,4,12,0,0,0,1,0,0,1,0,0,6,0,0,8,0,0,0,2,14,0,13,0,0,16,0,0,0,4,0,2,2,0,0,0,1,4,0,0,10,0,0,6,0,0,0,14,0,0,1,10,5,8,0,0,0,20,0,0,0,0,4,0,0,4,0,6,0,0,0,0,2,0,0,0,0,0,2,0,0,0,0,0,10,0,0,1,0,2,0,4,0,2,3,0,0,0,2,0,0,2,3,2,0,0,1,0,5,0,0,0,4,0,1,1,8,2,0,3,0,0,2,1,4,5,0,0,0,0,0,2,0,16,0,0,1,0,1,82,0,3,0,0,0,0,0,0,0,0,0,14,0,4,2,4,0,0,2,0,0,22,0,0,0,0,55,0,0,0,0,0,0,0,0,0,0,5,1,2,0,3,3,0,0,2,6,0,0,2,10,0,0,4,0,3,0,1,0,2,1,1,0,0,1,3,7,2,1,1,2,0,6,0,0,0,3,0,1,0,3,0,1,0,1,2,0,0,1,0,0,0,0,0,2,0,0,0,15,0,0,0,0,0,0,5,0,0,10,0,2,6,0,1,0,0,0,0,0,0,0,6,0,0,0,0,6,0,4,0,0,4,0,3,0,2,0,0,1,0,10,0,2,2,1,6,0,2,0,8,0,0,4,1,2,0,0,0,6,1,2,0,4,28,0,0,10,2,0,0,0,4,1,0,0,0,2,0,0,18,0,0,0,0,0,0,8,0,0,0,3,30,0,2,6,1,3,37,0,0,2,0,5,0,2,0,7,0,2,0,0,2,8,13,1,3,1,4,0,10,2,0,3,0,0,1,0,0,2,2,2,1,0,6,4,2,0,0,7,0,8,1,0,9,2,9,0,0,1,1,8,0,3,0,1,2,0,0,0,1,6,0,0,0,12,0,0,3,3,0,2,2,0,0,0,2
Neocosmospora_drepaniforme_NRRL_62941_AF10,Y,Nectriaceae,14,3,7,0,0,0,0,7,0,0,1,0,1,2,0,2,4,0,0,4,5,0,25,0,0,6,0,0,0,0,9,0,1,0,2,0,0,2,64,0,1,0,4,0,2,0,0,26,0,0,0,0,2,0,0,2,0,1,0,0,6,1,0,0,1,0,6,0,0,0,1,1,0,0,0,0,0,0,4,1,0,0,13,0,0,0,1,0,1,1,0,0,8,0,0,8,0,0,0,1,15,0,9,0,0,16,0,0,0,4,0,0,0,0,1,0,1,3,0,0,7,0,0,6,0,0,0,14,0,2,1,8,4,6,0,0,0,14,0,0,0,0,4,0,0,3,0,6,0,0,0,0,2,0,0,0,0,0,1,0,0,0,0,0,6,0,0,1,0,2,0,4,0,2,2,0,0,0,2,0,0,1,3,1,0,0,2,0,4,0,0,0,3,0,1,0,7,1,0,2,0,0,2,0,4,4,1,0,0,0,0,1,0,12,0,0,1,0,1,68,0,0,0,0,0,0,0,0,0,0,0,11,0,6,2,6,0,0,2,0,0,18,0,0,0,0,43,0,0,0,0,0,0,0,0,0,0,4,1,1,0,1,2,0,0,2,6,0,0,1,8,0,0,3,0,3,0,1,0,2,1,1,0,0,0,5,9,4,0,1,1,0,5,0,0,0,3,0,1,0,3,0,1,0,1,0,1,0,1,0,1,0,0,0,2,0,0,0,13,0,0,0,0,0,0,2,0,0,6,0,1,8,0,1,0,0,0,0,0,0,0,8,0,0,0,0,6,0,4,0,0,2,0,5,0,2,0,0,2,0,2,0,2,2,1,4,0,2,0,6,0,0,4,1,1,0,0,0,4,1,2,0,4,24,0,0,8,1,0,0,0,4,0,0,0,0,2,0,0,16,0,0,0,0,0,0,6,0,0,0,3,26,0,2,8,0,2,27,0,0,4,0,3,0,1,0,5,0,2,0,0,1,6,9,1,2,1,3,0,6,1,1,2,0,0,1,0,0,2,1,1,1,1,4,2,2,0,0,7,0,3,1,0,7,0,9,0,0,1,1,7,0,3,0,1,1,0,0,0,1,6,0,0,0,12,0,0,3,2,0,0,3,1,0,0,1
Neocosmospora_floridanum_NRRL_62606_AF3,Y,Nectriaceae,11,2,8,0,1,0,0,6,0,0,2,0,2,2,0,2,10,0,0,4,4,0,26,0,0,4,0,0,1,0,11,0,1,0,2,0,0,2,61,0,1,0,2,0,2,0,0,26,0,0,0,0,2,0,0,2,1,0,0,0,8,0,0,0,1,2,6,0,0,0,1,2,0,0,0,0,0,0,4,1,0,0,9,0,2,0,1,1,0,1,0,0,6,0,0,7,0,0,0,1,20,0,11,0,0,20,0,1,0,4,0,0,0,0,1,0,1,3,0,0,7,0,0,6,0,0,0,10,0,0,1,6,3,6,0,0,0,12,0,0,0,0,4,0,0,4,0,6,0,0,0,0,2,0,0,0,0,0,1,0,0,0,0,0,5,0,0,1,0,2,0,2,0,0,2,0,0,0,1,0,0,1,2,1,0,0,2,0,4,0,0,0,3,0,1,0,7,1,0,3,0,0,3,0,3,3,1,0,0,0,0,2,0,14,0,0,1,0,1,78,0,1,0,0,0,0,1,0,0,0,0,10,0,4,2,4,0,0,3,0,0,22,0,0,0,0,43,0,0,0,0,0,0,0,0,0,0,5,1,1,0,1,2,0,0,2,6,0,0,1,8,0,0,5,0,2,0,1,0,2,1,1,0,0,0,3,8,1,0,1,1,0,3,0,0,0,3,0,1,0,5,0,1,0,1,0,1,0,1,0,1,0,0,0,2,0,0,0,14,0,0,0,0,0,0,2,0,0,6,0,0,8,0,2,0,0,0,0,0,0,0,8,0,0,0,0,4,0,2,0,0,2,0,2,0,2,0,0,1,0,4,0,4,2,1,4,0,2,0,6,0,0,6,1,1,0,0,0,4,1,2,0,4,20,0,0,6,0,0,0,0,4,0,0,0,0,4,0,0,12,0,0,0,0,0,0,8,0,0,0,2,21,0,2,6,0,2,29,0,0,4,0,3,0,1,0,4,0,2,0,0,0,6,10,1,2,1,3,0,5,0,1,2,0,0,1,0,0,1,1,1,1,1,3,3,2,0,0,7,0,3,1,0,10,0,7,0,0,1,1,8,0,3,0,1,1,0,0,0,1,4,0,0,0,11,0,0,2,2,0,1,3,1,0,0,1
Neocosmospora_ambrosia_NRRL20438,Y,Nectriaceae,13,3,8,0,1,0,0,5,0,0,2,0,1,2,0,2,10,0,0,4,4,0,30,0,0,5,0,0,1,0,9,0,1,0,3,0,0,2,63,0,0,0,2,0,3,0,0,34,0,0,0,0,2,0,0,2,0,0,0,0,5,1,0,0,1,2,8,0,0,0,6,0,0,0,0,0,0,0,8,2,0,0,12,0,1,0,1,1,0,1,0,0,6,0,0,6,0,0,0,1,19,0,9,0,0,14,0,0,0,2,0,0,0,0,2,0,2,3,0,0,8,0,0,6,0,0,0,12,0,0,1,10,6,4,0,0,0,14,0,0,0,0,6,0,0,5,0,6,0,0,0,0,2,0,0,0,0,0,2,0,0,0,0,0,5,0,0,1,0,2,0,4,0,2,2,0,0,0,2,0,0,1,2,1,0,0,1,0,4,0,0,0,4,0,2,0,9,1,0,3,0,0,3,0,3,4,1,0,0,0,0,1,0,12,1,0,1,0,1,92,0,1,0,0,0,0,0,0,0,0,0,14,0,4,4,4,0,0,2,0,0,20,0,0,0,0,47,0,0,0,0,0,0,0,0,0,0,3,1,1,0,1,3,0,0,1,7,0,0,1,8,0,0,3,0,3,0,1,0,2,1,1,0,0,0,4,7,2,2,1,2,0,5,0,0,0,3,0,1,0,5,0,1,0,0,2,0,0,1,0,1,0,0,0,2,0,0,0,15,0,0,0,0,0,0,2,0,0,8,0,1,6,0,1,0,0,0,0,0,0,0,8,0,0,0,0,4,0,4,0,0,3,0,2,0,2,0,0,1,0,6,0,4,2,1,4,0,2,0,6,0,0,4,3,0,0,0,0,4,1,2,0,6,24,0,0,10,1,0,0,0,5,0,0,0,0,4,0,0,18,0,0,0,0,0,0,10,0,0,0,3,22,0,4,8,0,2,31,0,0,6,0,3,0,1,0,5,0,2,0,0,1,5,9,1,3,1,3,0,7,1,0,2,0,0,1,0,0,2,1,1,1,0,4,4,2,0,0,7,0,7,1,0,10,1,9,0,0,1,1,8,0,4,0,2,1,0,0,0,1,6,0,0,0,12,0,0,2,2,0,2,3,1,0,0,1
Neocosmospora_duplospermum_NRRL_62584_AF8,Y,Nectriaceae,8,3,7,0,0,0,0,7,0,0,2,0,1,2,0,2,10,0,0,2,2,0,30,0,0,6,0,0,1,0,7,0,1,0,2,0,0,2,57,0,0,0,1,0,2,0,0,24,0,0,0,0,2,0,0,2,0,0,0,0,5,0,0,0,0,1,6,0,0,0,1,2,0,0,0,0,0,0,8,0,0,2,9,0,0,1,2,1,0,1,0,0,4,0,0,8,0,0,0,1,10,0,8,0,0,16,0,0,0,2,0,0,0,0,1,0,1,3,0,0,5,0,0,4,2,0,0,12,0,0,1,10,6,6,0,0,0,14,0,0,0,0,4,0,0,3,0,6,0,0,0,0,2,0,0,0,0,0,2,0,0,0,0,0,5,0,0,1,0,2,0,4,0,2,3,0,0,0,0,0,0,1,1,1,0,0,2,0,5,0,0,0,5,0,1,0,6,1,0,3,0,0,2,0,4,4,0,0,0,0,0,1,0,14,0,0,1,0,1,76,0,0,0,0,0,0,0,0,0,0,0,14,0,6,2,6,0,0,2,0,0,18,0,0,0,0,51,0,0,0,0,0,0,0,0,0,0,4,1,1,0,1,2,0,0,1,6,0,0,1,9,0,0,2,0,3,0,2,0,0,1,1,0,1,2,3,10,3,1,1,1,0,2,0,0,0,4,0,1,0,3,0,1,0,0,0,0,0,2,0,1,0,0,0,2,0,0,0,14,0,0,0,0,0,0,2,0,0,8,0,1,8,0,2,0,0,0,0,0,0,0,8,0,0,0,0,4,0,2,0,0,2,0,2,0,2,0,0,1,0,4,0,2,2,2,4,0,0,0,6,0,0,4,2,0,0,0,0,4,1,2,0,4,24,0,0,10,0,0,0,0,4,0,0,0,0,2,0,0,14,0,0,0,0,0,0,8,0,0,0,3,24,0,2,6,0,2,28,0,0,2,0,3,0,1,0,5,0,2,0,0,1,6,8,1,2,1,3,0,8,1,1,2,0,0,1,0,0,1,2,1,1,1,4,2,1,0,0,6,0,3,1,0,8,0,8,0,0,1,1,6,0,3,0,1,2,0,0,0,1,4,0,0,0,13,0,0,2,3,0,1,3,1,0,0,1
Ambrosiella_xylebori_CBS11061,Y,Ceratocystidaceae,4,4,1,0,1,0,0,4,0,0,0,0,0,0,0,2,6,0,0,2,0,0,2,0,0,0,0,0,0,0,1,0,1,0,0,0,0,2,3,0,0,0,1,0,1,0,0,8,0,0,0,0,0,0,0,0,0,0,0,0,1,0,0,0,0,0,0,0,0,0,0,0,0,0,0,0,0,0,0,0,0,0,0,0,0,0,0,0,0,0,0,0,0,0,0,0,0,0,0,0,1,0,4,0,0,4,0,0,0,0,0,0,0,0,0,0,0,1,0,0,2,0,0,4,0,0,0,0,0,0,0,2,0,0,0,0,0,2,0,0,0,0,8,0,0,0,0,6,0,0,0,0,0,2,0,0,0,0,1,0,0,0,0,0,1,0,0,1,0,4,0,4,0,0,0,0,0,0,0,0,0,0,0,1,0,0,0,0,0,0,0,0,4,0,0,0,5,1,0,0,0,0,0,0,1,1,0,0,0,0,0,0,0,10,0,0,0,0,0,22,0,0,0,0,0,0,0,0,0,0,0,2,0,4,0,0,0,0,0,0,0,2,0,0,0,0,13,0,0,0,0,0,0,1,0,0,0,2,0,2,0,0,0,0,0,0,1,0,0,0,0,0,0,1,0,2,0,1,0,0,0,0,0,0,0,0,0,0,0,0,0,1,2,0,0,0,0,0,0,0,0,0,0,0,0,0,0,0,0,0,0,0,0,0,0,0,0,0,5,0,0,0,0,0,0,1,0,0,0,0,0,0,0,1,0,0,0,0,0,0,0,4,0,0,0,0,0,0,4,0,0,2,0,1,0,2,0,0,0,0,3,0,0,0,3,2,0,0,0,0,0,0,0,0,0,0,0,0,8,1,0,0,0,14,0,0,0,0,0,0,0,0,0,0,0,0,2,0,0,0,0,0,0,0,0,8,2,0,0,0,0,3,0,0,3,0,0,17,0,0,2,0,4,0,1,0,5,0,2,0,0,1,1,1,1,5,1,3,0,4,1,1,1,0,0,1,0,0,2,2,1,1,0,3,0,1,0,0,2,0,1,1,0,6,0,3,0,0,0,0,1,0,0,0,1,0,0,0,0,0,4,0,0,0,0,0,0,1,0,0,0,2,0,0,0,0
Ambrosiella_roeperi_2021_000006,Y,Ceratocystidaceae,3,3,1,0,1,0,0,3,0,0,0,0,0,0,0,4,6,0,0,0,0,0,3,0,0,0,0,0,0,0,0,0,2,0,0,0,0,2,6,0,0,0,1,0,2,0,0,8,0,0,0,0,0,0,0,0,0,0,0,0,4,0,0,0,0,0,0,0,0,0,0,0,0,0,0,0,0,0,0,0,0,0,0,0,0,0,0,0,0,0,0,0,0,0,0,0,0,0,0,0,2,0,3,0,0,8,0,0,0,0,0,0,0,0,0,0,0,2,0,0,1,0,0,6,0,0,0,0,0,0,0,4,0,0,0,0,0,2,0,0,0,0,6,0,0,0,0,6,0,0,0,0,0,2,0,0,0,0,1,0,0,0,0,0,1,0,0,1,0,6,0,4,0,0,0,0,0,0,0,0,0,0,0,1,0,0,0,0,0,0,0,0,4,0,0,0,5,1,0,0,0,0,0,0,2,1,0,0,0,0,0,0,0,8,0,0,0,0,0,20,0,0,0,0,0,0,0,0,0,0,0,2,0,4,0,0,0,0,0,0,0,2,0,0,0,0,11,0,0,0,0,0,0,2,0,0,0,3,0,2,0,0,0,0,0,0,1,0,0,0,0,0,0,2,0,3,0,1,0,0,0,0,0,0,0,0,0,0,0,0,0,1,2,0,0,0,0,0,0,0,0,0,0,0,0,0,0,0,0,0,0,0,0,0,0,0,0,0,8,0,0,0,0,0,0,1,0,0,0,0,0,0,0,2,0,0,0,0,0,0,0,4,0,0,0,0,0,0,4,0,0,2,0,2,0,2,0,0,0,0,3,0,0,0,2,2,0,0,0,2,0,0,0,0,0,0,0,0,8,1,0,0,0,12,0,0,0,0,0,0,0,0,0,0,0,0,2,0,0,0,0,0,0,0,0,8,4,0,0,0,0,3,0,0,5,0,0,17,0,0,3,0,3,0,2,0,5,0,2,0,0,1,2,1,1,5,1,3,0,4,2,0,1,0,0,1,0,0,2,1,1,2,0,5,0,2,0,0,3,0,2,2,0,6,0,4,0,0,0,0,1,0,0,0,1,0,0,0,0,0,4,0,0,0,0,0,0,1,0,0,0,2,0,0,0,0
Ambrosiella_cleistominuta_CBS141682,Y,Ceratocystidaceae,3,2,2,0,1,0,0,4,0,0,0,0,0,0,0,2,6,0,0,0,0,0,4,0,0,0,0,0,0,0,0,0,2,0,0,0,0,2,2,0,0,0,1,0,1,0,0,8,0,0,0,0,0,0,0,0,0,0,0,0,1,0,0,0,0,0,0,0,0,0,0,0,0,0,0,0,0,0,0,0,0,0,0,0,0,0,0,0,0,0,0,0,0,0,0,0,0,0,0,0,2,0,4,0,0,6,0,0,0,0,0,0,0,0,0,0,0,1,0,0,1,0,0,4,0,0,0,0,0,0,0,2,0,0,0,0,0,2,0,0,0,0,8,0,0,0,0,6,0,0,0,0,0,2,0,0,0,0,1,0,0,0,0,0,1,0,0,2,0,4,0,4,0,0,0,0,0,0,0,0,0,0,0,1,0,0,0,0,0,0,0,0,3,0,0,0,4,1,0,0,0,0,0,0,1,1,0,0,0,0,0,0,0,6,0,0,0,0,0,18,0,0,0,0,0,0,0,0,0,0,0,2,0,2,0,0,0,0,0,0,0,2,0,0,0,0,12,0,0,0,0,0,0,2,0,0,0,2,0,1,0,0,0,0,0,0,2,0,0,0,0,0,0,1,0,4,0,1,0,0,0,0,0,0,0,0,0,0,0,0,0,1,2,0,0,0,0,0,0,0,0,0,0,0,0,0,0,0,0,0,0,0,0,0,0,0,0,0,7,0,0,0,0,0,0,1,0,0,0,0,0,0,0,2,0,0,0,0,0,0,0,2,0,0,0,0,0,0,4,0,0,2,0,1,0,2,0,0,0,0,2,0,0,0,2,2,0,0,0,6,0,0,0,0,0,0,0,0,6,1,0,0,0,14,0,0,0,0,0,0,0,0,0,0,0,0,4,0,0,0,0,0,0,0,0,8,2,0,0,0,0,3,0,0,4,0,0,16,0,0,4,0,4,0,1,0,7,0,2,0,0,1,1,1,2,4,1,4,0,7,2,0,1,0,0,1,0,0,2,2,1,1,0,5,0,1,0,0,2,0,1,1,0,9,0,3,0,0,0,0,1,0,0,0,1,0,0,0,0,0,4,0,0,0,0,0,0,1,0,0,0,1,0,0,0,0
Ambrosiella_beaveri_CBS121753,Y,Ceratocystidaceae,1,5,1,0,1,0,0,3,0,0,0,0,0,0,0,2,6,0,0,0,0,0,3,0,0,0,0,0,0,0,0,0,2,0,0,0,0,2,6,0,0,0,1,0,1,0,0,6,0,0,0,0,0,0,0,0,0,0,0,0,1,0,0,0,0,0,0,0,0,0,0,0,0,0,0,0,0,0,0,0,0,0,0,0,0,0,0,0,0,0,0,0,0,0,0,0,0,0,0,0,2,0,3,0,0,4,0,0,0,0,0,0,0,0,0,0,0,1,0,0,1,0,0,4,0,0,0,0,0,0,0,2,0,0,0,0,0,2,0,0,0,0,6,0,0,0,0,6,0,0,0,0,0,1,0,0,0,0,1,0,0,0,0,0,1,0,0,1,0,4,0,4,0,0,0,0,0,0,0,0,0,0,2,1,0,0,0,0,0,0,0,0,5,0,0,0,5,1,0,0,0,0,0,0,1,1,0,0,0,0,0,0,0,10,0,0,0,0,0,20,0,0,0,0,0,0,0,0,0,0,0,2,0,2,0,0,0,0,0,0,0,2,0,0,0,0,12,0,0,1,0,0,0,1,0,0,0,2,0,2,0,0,0,0,0,0,3,0,0,0,0,0,0,2,0,3,0,1,0,0,0,0,0,0,0,0,0,0,0,0,0,1,1,0,0,0,0,0,0,0,0,0,0,0,0,0,0,0,0,0,0,0,0,0,0,0,0,0,6,0,0,0,0,0,0,1,0,0,0,0,0,0,0,2,0,0,0,0,0,0,0,4,0,0,0,0,0,0,4,0,0,2,0,1,0,2,0,0,0,0,3,0,0,0,3,2,0,0,0,2,0,0,0,0,0,0,0,0,8,1,0,0,0,12,0,0,0,0,0,0,0,0,0,0,0,0,4,0,0,0,0,0,0,0,0,8,2,0,0,0,0,3,0,0,5,0,0,15,0,0,4,0,3,0,1,0,4,0,2,0,0,1,1,1,1,5,1,4,0,5,1,1,1,0,0,1,0,0,2,2,1,1,0,4,0,2,0,0,2,0,1,1,0,9,0,3,0,0,0,0,1,0,0,0,2,0,0,0,0,0,2,0,0,0,0,0,0,1,0,0,0,2,0,0,0,0
Meredithiella_fracta_CBS142645,Y,Ceratocystidaceae,2,1,1,0,1,0,0,5,0,0,0,0,0,0,0,4,14,0,0,2,1,0,5,0,0,0,0,0,0,0,0,0,1,0,0,0,1,2,4,0,0,0,2,0,1,0,0,16,0,0,0,0,0,0,0,0,0,0,0,0,1,0,0,0,0,0,0,0,0,0,0,0,0,0,0,0,0,0,0,0,0,0,0,0,0,0,0,0,0,0,0,0,0,0,0,0,0,0,0,0,0,0,3,0,0,4,0,0,0,0,0,0,0,0,0,0,0,2,0,0,2,0,0,6,0,0,0,0,0,0,0,2,0,0,0,0,0,4,0,0,0,0,6,0,0,0,0,2,0,0,0,0,0,2,0,0,0,0,2,0,0,0,0,0,1,0,0,2,0,4,1,4,0,0,0,0,0,0,0,0,0,0,0,2,0,0,0,0,0,0,0,0,3,0,2,0,5,2,0,0,0,0,1,0,1,1,0,0,0,0,0,0,0,12,0,0,0,0,0,20,0,0,0,0,0,0,0,0,0,0,0,2,0,2,0,0,0,0,0,0,0,2,0,0,0,0,13,0,0,0,0,0,0,2,0,0,0,2,0,0,0,0,0,0,0,0,2,0,0,0,0,0,0,2,0,2,1,2,0,0,0,0,0,0,0,0,0,0,0,0,0,2,2,0,0,0,0,0,0,0,0,0,0,0,0,0,0,0,0,0,1,0,0,0,0,0,0,0,8,0,1,0,0,0,0,2,0,0,0,0,0,0,0,2,0,0,0,0,0,0,0,4,0,0,0,0,0,0,6,0,0,1,0,2,0,4,0,0,0,0,3,0,0,0,2,4,0,0,0,4,0,0,0,0,0,0,0,0,8,1,2,0,0,18,0,0,0,0,0,0,0,0,0,0,0,0,2,0,0,0,0,0,0,0,0,8,2,0,0,0,0,6,0,0,4,0,0,16,0,0,3,0,4,0,2,0,5,0,2,0,0,2,2,2,1,4,2,5,0,5,2,0,2,0,0,2,0,0,1,1,2,2,2,5,0,2,0,0,3,0,1,1,0,8,0,6,0,0,0,0,0,0,0,0,1,0,0,0,0,0,2,0,0,0,0,0,0,2,0,0,0,2,0,0,0,0
Irpex_subulatus_2021_000012,Y,Irpicaceae,0,1,0,0,0,0,0,0,0,0,1,0,0,8,0,0,36,1,0,0,0,0,30,0,0,6,0,0,1,0,0,0,1,10,0,0,0,2,9,0,0,0,0,0,1,0,0,52,1,0,0,0,0,0,0,0,0,0,0,0,6,0,0,0,0,0,0,0,0,0,0,0,0,0,0,0,0,0,0,0,0,0,0,0,0,0,0,0,0,1,0,0,0,0,8,8,1,0,1,2,0,0,3,0,0,0,0,0,0,4,0,0,0,0,0,0,0,0,2,0,4,0,0,14,0,0,1,4,0,0,1,0,0,4,0,0,0,4,1,0,0,0,4,0,0,0,0,8,0,0,0,0,2,0,0,1,0,0,2,0,0,0,1,0,3,1,2,2,0,16,0,0,0,0,1,0,0,0,0,0,0,0,1,2,2,0,3,0,1,0,0,0,17,1,0,0,0,4,7,0,0,0,0,0,0,6,0,0,0,0,0,0,0,2,0,0,0,0,1,36,0,0,0,0,0,0,0,0,0,0,0,4,0,14,0,0,4,0,4,0,0,20,0,0,0,2,12,0,0,0,0,0,2,0,0,0,0,7,0,0,0,1,0,0,0,0,0,0,0,0,5,0,0,0,0,3,0,2,0,0,1,0,0,0,0,0,0,2,0,0,0,0,1,0,1,0,0,0,0,0,0,0,0,0,0,0,0,0,2,1,0,0,0,4,0,0,0,0,9,0,3,0,0,0,0,4,0,0,4,0,0,4,0,0,0,0,2,0,0,0,0,16,0,0,0,3,6,0,16,0,0,0,0,6,1,2,0,0,0,0,4,0,2,0,1,0,0,0,0,10,0,0,10,0,0,0,0,0,2,0,2,0,0,10,0,0,4,0,0,0,1,12,0,0,0,0,0,1,0,4,0,0,3,0,2,16,0,0,0,0,2,5,0,0,4,1,0,20,0,0,3,0,4,0,2,0,7,0,2,0,0,1,2,2,1,0,2,3,0,6,0,0,2,2,0,1,0,0,4,0,1,1,0,0,0,1,1,0,5,0,0,2,0,10,0,1,0,0,0,0,0,0,0,0,0,0,2,8,2,0,0,0,0,0,0,2,4,0,0,0,0,1,0,0,4,0
